/*
SQLyog Ultimate v10.00 Beta1
MySQL - 8.0.24 : Database - springboot_student
*********************************************************************
*/


/*!40101 SET NAMES utf8 */;

/*!40101 SET SQL_MODE=''*/;

/*!40014 SET @OLD_UNIQUE_CHECKS=@@UNIQUE_CHECKS, UNIQUE_CHECKS=0 */;
/*!40014 SET @OLD_FOREIGN_KEY_CHECKS=@@FOREIGN_KEY_CHECKS, FOREIGN_KEY_CHECKS=0 */;
/*!40101 SET @OLD_SQL_MODE=@@SQL_MODE, SQL_MODE='NO_AUTO_VALUE_ON_ZERO' */;
/*!40111 SET @OLD_SQL_NOTES=@@SQL_NOTES, SQL_NOTES=0 */;
CREATE DATABASE /*!32312 IF NOT EXISTS*/`springboot_student` /*!40100 DEFAULT CHARACTER SET utf8mb4 COLLATE utf8mb4_0900_ai_ci */ /*!80016 DEFAULT ENCRYPTION='N' */;

/*Table structure for table `st_bing_course` */

DROP TABLE IF EXISTS `st_bing_course`;

CREATE TABLE `st_bing_course` (
  `id` int NOT NULL AUTO_INCREMENT COMMENT '主键',
  `start_time` varchar(50) DEFAULT NULL COMMENT '开始时间',
  `end_time` varchar(50) DEFAULT NULL COMMENT '结束时间',
  `stu_year` varchar(50) DEFAULT NULL COMMENT '所属学年例（2020,1）',
  `target` varchar(100) DEFAULT NULL COMMENT '面向群体',
  `suggest` varchar(100) DEFAULT NULL COMMENT '建议',
  `type` tinyint DEFAULT NULL COMMENT '类型（0：普通，1：重修,2:补选）',
  PRIMARY KEY (`id`)
) ENGINE=InnoDB AUTO_INCREMENT=21 DEFAULT CHARSET=utf8mb4 COLLATE=utf8mb4_0900_ai_ci;

/*Data for the table `st_bing_course` */

insert  into `st_bing_course`(`id`,`start_time`,`end_time`,`stu_year`,`target`,`suggest`,`type`) values (14,'2023-03-24 00:00:00','2023-03-25 00:00:00','2019,一','全体在校的19级学生，选课任务结束前可退课','请同学们认真选课',0),(20,'2023-05-10 00:00:00','2023-05-11 00:00:00','2020,一','测试','测试',0);

/*Table structure for table `st_class` */

DROP TABLE IF EXISTS `st_class`;

CREATE TABLE `st_class` (
  `id` bigint NOT NULL AUTO_INCREMENT COMMENT '主键',
  `major_id` bigint NOT NULL COMMENT '所属专业id',
  `name` varchar(50) DEFAULT NULL COMMENT '班级名称',
  PRIMARY KEY (`id`)
) ENGINE=InnoDB AUTO_INCREMENT=7 DEFAULT CHARSET=utf8mb4 COLLATE=utf8mb4_0900_ai_ci;

/*Data for the table `st_class` */

insert  into `st_class`(`id`,`major_id`,`name`) values (1,2,'软件1901'),(2,2,'软件1902'),(3,1,'计科1902'),(4,1,'计科1901'),(5,4,'大数据1903'),(6,4,'大数据1904');

/*Table structure for table `st_class_room` */

DROP TABLE IF EXISTS `st_class_room`;

CREATE TABLE `st_class_room` (
  `id` bigint NOT NULL AUTO_INCREMENT COMMENT '主键',
  `class_desc` varchar(100) CHARACTER SET utf8mb4 COLLATE utf8mb4_0900_ai_ci NOT NULL COMMENT '班级描述',
  `class_key` varchar(50) NOT NULL COMMENT '课堂码',
  `major_id` bigint NOT NULL DEFAULT '0' COMMENT '所属专业',
  `stu_year` varchar(50) NOT NULL COMMENT '所属学年例（2020,1）',
  `timing` varchar(50) CHARACTER SET utf8mb4 COLLATE utf8mb4_0900_ai_ci NOT NULL DEFAULT '' COMMENT '开课时间',
  `bc_img` varchar(255) CHARACTER SET utf8mb4 COLLATE utf8mb4_0900_ai_ci NOT NULL DEFAULT 'couBcImg.jpg' COMMENT '背景图片',
  `state` smallint NOT NULL DEFAULT '0' COMMENT '开课状态（0:未开始,1:进行中,2：已结束）',
  PRIMARY KEY (`id`)
) ENGINE=InnoDB AUTO_INCREMENT=234 DEFAULT CHARSET=utf8mb4 COLLATE=utf8mb4_0900_ai_ci;

/*Data for the table `st_class_room` */

insert  into `st_class_room`(`id`,`class_desc`,`class_key`,`major_id`,`stu_year`,`timing`,`bc_img`,`state`) values (19,'软件19-2','VPBQ1',5,'2019,一','2023-03-22 17:30:38','couBcImg.jpg',1),(20,'软件19-2','JBG0K',5,'2019,二','2023-03-22 17:31:03','couBcImg.jpg',1),(21,'软件19-2','K7L7F',5,'2020,一','2023-03-22 17:31:10','couBcImg.jpg',1),(22,'软件19-2','NGVNU',5,'2020,二','2023-03-22 17:31:16','couBcImg.jpg',1),(23,'软件19级','36N2W',5,'2019,一','','couBcImg.jpg',0),(24,'软件19级','B6I7Q',5,'2019,二','','couBcImg.jpg',0),(25,'软件19级','ORSP6',5,'2019,一','2023-03-23 10:16:07','couBcImg.jpg',1),(26,'软件19级','82P8W',5,'2019,二','2023-03-23 10:16:16','couBcImg.jpg',1),(27,'软件19级','9EIP2',5,'2020,一','2023-03-23 10:16:25','couBcImg.jpg',1),(28,'软件19级','5CSBP',5,'2020,二','2023-03-23 10:16:32','couBcImg.jpg',1),(29,'软件19级','AI2KW',5,'2019,一','','couBcImg.jpg',0),(30,'软件19级','NCXMT',5,'2020,一','','couBcImg.jpg',0),(31,'软件19级','U9G3N',5,'2020,一','','couBcImg.jpg',0),(32,'软件19级','A27BF',5,'2020,二','2023-03-23 10:23:30','couBcImg.jpg',1),(33,'软件19级','0NU3G',2,'2019,一','','couBcImg.jpg',0),(34,'软件19级','6AXEZ',2,'2019,二','','couBcImg.jpg',0),(35,'软件19级','8NK8Z',2,'2020,二','','couBcImg.jpg',0),(36,'软件19级','X7CCD',2,'2020,二','2023-03-23 10:29:46','couBcImg.jpg',1),(37,'软件19级','6UP51',2,'2021,一','','couBcImg.jpg',0),(38,'软件19级','5U3GY',2,'2021,一','','couBcImg.jpg',0),(39,'软件19级','P646F',2,'2021,一','2023-03-23 10:35:04','couBcImg.jpg',1),(40,'软件19级','Z3DGI',2,'2021,二','2023-04-11 19:16:11','couBcImg.jpg',1),(41,'软件19级','L76FK',2,'2021,二','2023-03-23 10:38:17','couBcImg.jpg',1),(42,'软件19级','6WSFD',2,'2021,二','2023-04-11 16:20:58','couBcImg.jpg',1),(43,'软件19级','LU4WL',2,'2021,二','2023-03-23 10:40:43','couBcImg.jpg',1),(44,'软件19级','5ETIY',2,'2024,一','','couBcImg.jpg',0),(45,'软件19级','VYQG3',2,'2021,二','','couBcImg.jpg',0),(46,'软件19级','K0EUC',2,'2024,一','','couBcImg.jpg',0),(47,'软件19级','ZA6RC',2,'2024,一','2023-03-23 10:49:54','couBcImg.jpg',1),(48,'软件19级','8CZK8',2,'2021,二','2023-04-24 20:42:05','couBcImg.jpg',1),(49,'软件19级2班','UACGL',2,'2020,二','','couBcImg.jpg',0),(50,'软件19级2班','4V80H',2,'2020,二','2023-03-23 10:29:46','couBcImg.jpg',1),(51,'软件19级2班','KS03C',2,'2021,一','','couBcImg.jpg',0),(52,'软件19级2班','25FR3',2,'2021,一','','couBcImg.jpg',0),(53,'软件19级2班','TGF7X',2,'2021,一','2023-03-23 10:35:04','couBcImg.jpg',1),(54,'软件19级2班','JF4UB',2,'2021,二','2023-04-11 19:16:17','couBcImg.jpg',1),(55,'软件19级2班','48SNY',2,'2021,二','2023-03-23 10:38:17','couBcImg.jpg',1),(56,'软件19级2班','4S05K',2,'2021,二','2023-04-11 16:21:05','couBcImg.jpg',1),(57,'软件19级2班','VRVU5',2,'2021,二','2023-03-23 10:40:43','couBcImg.jpg',1),(58,'软件19级2班','FYJE3',2,'2024,一','','couBcImg.jpg',0),(59,'软件19级2班','AJQRE',2,'2021,二','','couBcImg.jpg',0),(60,'软件19级2班','68IOS',2,'2024,一','','couBcImg.jpg',0),(61,'软件19级2班','TOBHD',2,'2024,一','2023-03-23 10:49:54','couBcImg.jpg',1),(62,'软件19级2班','Y4V4G',2,'2021,二','2023-04-24 20:42:12','couBcImg.jpg',1),(63,'软件19级一班','IRAND',2,'2021,二','2023-04-11 16:16:18','couBcImg.jpg',1),(64,'软件19级二班','BJDAG',2,'2021,二','2023-04-11 16:16:28','couBcImg.jpg',1),(65,'软件19级一班','XJMJG',2,'2020,二','2023-04-11 16:18:40','couBcImg.jpg',1),(66,'软件19级二班','H84VE',2,'2020,二','2023-04-11 16:22:00','couBcImg.jpg',1),(67,'软件19级一班','8ZXAI',2,'2021,二','2023-04-11 16:20:40','couBcImg.jpg',1),(68,'软件19级二班','1FUFT',2,'2021,二','2023-04-11 16:20:47','couBcImg.jpg',1),(69,'软件20级','3JF2G',2,'2024,二','','couBcImg.jpg',0),(70,'软件20级','CTYOF',2,'2024,一','','couBcImg.jpg',0),(71,'软件20级','COPVC',2,'2020,一','','couBcImg.jpg',0),(72,'软件20级','CBFEK',5,'2021,一','2023-03-23 10:16:25','couBcImg.jpg',1),(73,'软件20级','POAKY',5,'2021,一','2023-03-22 17:31:10','couBcImg.jpg',1),(74,'软件20级','EMLJ9',2,'2024,二','2023-03-23 10:38:17','couBcImg.jpg',1),(76,'软件20级','YG7IP',5,'2021,一','','couBcImg.jpg',0),(77,'软件20级','000I6',5,'2020,一','2023-03-22 17:30:38','couBcImg.jpg',1),(79,'软件20级','3FNXR',2,'2024,一','2023-03-23 10:35:04','couBcImg.jpg',1),(80,'软件20级','83UJT',5,'2021,二','2023-03-23 10:23:30','couBcImg.jpg',1),(81,'软件20级','W2014',5,'2021,二','2023-03-23 10:16:32','couBcImg.jpg',1),(84,'软件20级','3EVN6',5,'2021,一','','couBcImg.jpg',0),(85,'软件20级','GPUV6',2,'2024,二','','couBcImg.jpg',0),(87,'软件20级','HJYC9',2,'2021,二','2023-03-23 10:29:46','couBcImg.jpg',1),(89,'软件20级','MBTOX',2,'2020,二','','couBcImg.jpg',0),(91,'软件20级','6JSCB',2,'2024,二','2023-03-23 10:40:43','couBcImg.jpg',1),(93,'软件20级','89X0P',5,'2020,一','2023-03-23 10:16:07','couBcImg.jpg',1),(94,'软件20级','ULTSW',5,'2021,二','2023-03-22 17:31:16','couBcImg.jpg',1),(95,'软件20级','BBYVG',5,'2020,二','2023-03-22 17:31:03','couBcImg.jpg',1),(97,'软件20级','YAVL9',2,'2024,二','2023-04-11 16:20:58','couBcImg.jpg',1),(100,'软件20级','JFNCI',2,'2024,二','','couBcImg.jpg',0),(102,'软件20级','X334I',5,'2020,一','','couBcImg.jpg',0),(105,'软件20级','2BW1K',2,'2024,一','','couBcImg.jpg',0),(119,'软件20级','GDI7N',5,'2020,二','2023-03-23 10:16:16','couBcImg.jpg',1),(132,'软件20级','NUJ33',5,'2020,一','','couBcImg.jpg',0),(153,'软件20级','SCNTU',2,'2021,二','','couBcImg.jpg',0),(174,'软件20级','0COD7',2,'2024,二','2023-04-11 16:20:40','couBcImg.jpg',1),(175,'软件20级','0UP74',2,'2024,二','2023-04-11 16:16:18','couBcImg.jpg',1),(176,'软件20级','QY7U7',2,'2021,二','2023-04-11 16:18:40','couBcImg.jpg',1),(232,'测试课堂','ZQ02H',2,'2021,二','2023-04-24 20:43:04','couBcImg.jpg',1),(233,'测试课堂','6D4OV',2,'2021,二','2023-04-24 20:48:31','couBcImg.jpg',1);

/*Table structure for table `st_course` */

DROP TABLE IF EXISTS `st_course`;

CREATE TABLE `st_course` (
  `id` mediumint NOT NULL AUTO_INCREMENT COMMENT '课程id',
  `cou_name` varchar(20) CHARACTER SET utf8 COLLATE utf8_general_ci NOT NULL COMMENT '课程名称',
  `cou_grade` double NOT NULL COMMENT '学分',
  `cou_time` mediumint NOT NULL COMMENT '学时',
  `major` varchar(20) NOT NULL COMMENT '所属专业',
  `ratio` double NOT NULL COMMENT '考试分占中成绩的比值',
  `cou_type` tinyint DEFAULT NULL COMMENT '课程类别（0:通识教育，1：专业基础课，2：专业核心课，3：专业实践课）',
  `cou_attribute` varchar(20) DEFAULT NULL COMMENT '课程属性',
  PRIMARY KEY (`id`)
) ENGINE=MyISAM AUTO_INCREMENT=51 DEFAULT CHARSET=utf8mb3;

/*Data for the table `st_course` */

insert  into `st_course`(`id`,`cou_name`,`cou_grade`,`cou_time`,`major`,`ratio`,`cou_type`,`cou_attribute`) values (27,'操作系统',2,64,'软件工程',0.7,1,'必修'),(26,'软件工程',2,32,'软件工程',0.6,2,'必修'),(25,'计算机组成原理',3,64,'软件工程',0.5,1,'必修'),(5,'人工智能',2,32,'计算机科学与技术',0.6,2,'选修'),(6,'虚拟现实技术',2,32,'软件工程',0.6,2,'选修'),(7,'数据库系统概论',4,64,'软件工程',0.6,1,'必修'),(8,'java程序设计',3,64,'软件工程',0.5,2,'必修'),(9,'计算机组成原理',3,64,'计算机科学与技术',0.6,1,'必修'),(10,'计算机网络',3,64,'计算机科学与技术',0.6,1,'必修'),(21,'网页设计',1,32,'软件工程',0.6,2,'选修'),(14,'人工智能',2,32,'软件工程',0.6,2,'选修'),(18,'工程伦理',2.5,64,'软件工程',0.6,2,'选修'),(20,'工程伦理',1,1,'计算机科学与技术',0.5,2,'必修'),(22,'高级语言程序设计I',2,64,'软件工程',0.5,1,'必修'),(23,'高级语言程序设计II',2,64,'软件工程',0.5,1,'必修'),(24,'数据结构',3,64,'软件工程',0.5,1,'必修'),(28,'计算机网络',2.5,64,'软件工程',0.5,1,'必修'),(29,'形式与政策',2,32,'通识教育',0.6,0,'必修'),(30,'大学英语b-1',2,32,'通识教育',0.5,0,'必修'),(31,'大学英语b-2',2,32,'通识教育',0.5,0,'必修'),(32,'高等数学b-1',2.5,64,'通识教育',0.5,0,'必修'),(33,'高等数学b-2',2.5,64,'通识教育',0.5,0,'必修'),(34,'概率论与数理统计',2,64,'通识教育',0.5,0,'必修'),(35,'模拟与数字电路基础',2,64,'通识教育',0.5,0,'必修'),(36,'大学英语b-3',2,32,'通识教育',0.5,0,'必修'),(37,'大学英语b-4',2,32,'通识教育',0.5,0,'必修'),(38,'中国近现代史纲要',1,32,'通识教育',0.5,0,'必修'),(39,'体育与健康1',1.5,32,'通识教育',0.7,0,'必修'),(40,'体育与健康2',1.5,32,'通识教育',0.7,0,'必修'),(41,'体育与健康3',1.5,32,'通识教育',0.7,0,'必修'),(42,'体育与健康4',1.5,32,'通识教育',0.7,0,'必修'),(43,'javaWeb开发',2,64,'软件工程',0.6,2,'必修'),(44,'软件工程综合实践',3,32,'软件工程',0.7,3,'必修'),(45,'毕业实习',4,64,'软件工程',0.7,3,'必修'),(46,'XML语言',3,32,'软件工程',0.7,2,'选修'),(47,'数据结构课程设计',3,32,'软件工程',0.5,3,'必修'),(48,'java程序设计课程设计',3,32,'软件工程',0.5,3,'必修'),(49,'操作系统课程设计',2.5,32,'软件工程',0.5,3,'必修'),(50,'测试课程',2,64,'软件工程',0.5,1,'必修');

/*Table structure for table `st_dorm` */

DROP TABLE IF EXISTS `st_dorm`;

CREATE TABLE `st_dorm` (
  `id` bigint NOT NULL AUTO_INCREMENT COMMENT '宿舍id',
  `dorm_num` varchar(6) CHARACTER SET utf8 COLLATE utf8_general_ci NOT NULL COMMENT '宿舍号',
  `dorm_address` varchar(20) CHARACTER SET utf8 COLLATE utf8_general_ci NOT NULL COMMENT '宿舍地址号',
  PRIMARY KEY (`id`)
) ENGINE=MyISAM AUTO_INCREMENT=19 DEFAULT CHARSET=utf8mb3;

/*Data for the table `st_dorm` */

insert  into `st_dorm`(`id`,`dorm_num`,`dorm_address`) values (1,'641','兰五'),(2,'642','兰五'),(3,'643','兰五'),(4,'122','梅一'),(5,'123','梅一'),(7,'435','竹三'),(8,'436','竹三'),(9,'437','竹三'),(10,'543','兰三'),(11,'542','兰三'),(12,'638','兰三'),(13,'541','兰二'),(14,'638','兰二'),(15,'633','兰二'),(17,'101','兰五'),(18,'644','兰五');

/*Table structure for table `st_grade_stu` */

DROP TABLE IF EXISTS `st_grade_stu`;

CREATE TABLE `st_grade_stu` (
  `stu_id` bigint NOT NULL COMMENT '学生id',
  `room_id` bigint NOT NULL COMMENT '课堂id',
  `grade` smallint NOT NULL DEFAULT '0' COMMENT '成绩',
  `point` double(2,1) NOT NULL DEFAULT '0.0' COMMENT '绩点',
  `cou_id` bigint DEFAULT NULL COMMENT '课程id',
  PRIMARY KEY (`stu_id`,`room_id`)
) ENGINE=MyISAM DEFAULT CHARSET=utf8mb3 COLLATE=utf8_unicode_ci;

/*Data for the table `st_grade_stu` */

insert  into `st_grade_stu`(`stu_id`,`room_id`,`grade`,`point`,`cou_id`) values (95,48,79,2.9,46),(95,46,83,3.3,44),(95,45,73,2.3,6),(95,44,89,0.0,18),(95,43,72,2.2,14),(95,42,78,2.8,27),(95,41,88,3.8,24),(95,40,58,0.0,7),(95,39,60,1.0,43),(95,38,58,0.0,21),(95,37,88,3.8,26),(95,36,65,1.5,25),(95,35,74,2.4,8),(95,34,65,1.5,23),(95,33,58,0.0,22),(95,32,72,2.2,38),(95,31,80,3.0,35),(95,30,79,2.9,34),(95,29,74,2.4,29),(95,28,67,1.7,42),(95,27,57,0.0,41),(95,26,75,2.5,40),(95,25,68,1.8,39),(95,24,83,3.3,33),(95,23,67,1.7,32),(95,22,81,3.1,37),(95,21,57,0.0,36),(95,20,74,2.4,31),(95,19,73,2.3,30),(94,48,69,1.9,46),(94,47,78,2.8,45),(94,46,66,1.6,44),(94,45,70,2.0,6),(94,44,60,1.0,18),(94,43,63,1.3,14),(94,42,61,1.1,27),(94,41,59,0.0,24),(94,40,89,3.9,7),(94,39,67,1.7,43),(94,38,84,3.4,21),(94,37,66,1.6,26),(94,36,76,2.6,25),(94,35,65,1.5,8),(94,34,68,1.8,23),(94,33,61,1.1,22),(94,32,61,1.1,38),(94,31,63,1.3,35),(94,30,79,2.9,34),(94,29,62,1.2,29),(94,28,90,4.0,42),(94,27,86,3.6,41),(94,26,73,2.3,40),(94,25,75,2.5,39),(94,24,90,4.0,33),(94,23,67,1.7,32),(94,22,90,4.0,37),(94,21,68,1.8,36),(94,20,73,2.3,31),(94,19,67,1.7,30),(93,48,72,2.2,46),(93,47,76,2.6,45),(93,46,78,0.0,44),(93,45,67,1.7,6),(93,44,64,1.4,18),(93,43,81,3.1,14),(93,42,71,2.1,27),(93,41,61,1.1,24),(93,40,63,1.3,7),(93,39,75,2.5,43),(93,38,83,3.3,21),(93,37,84,3.4,26),(93,36,76,2.6,25),(93,35,91,4.1,8),(93,34,95,4.5,23),(93,33,60,1.0,22),(93,32,68,1.8,38),(93,31,82,3.2,35),(93,30,82,3.2,34),(93,29,69,1.9,29),(93,28,88,3.8,42),(93,27,94,4.4,41),(93,26,70,2.0,40),(93,25,83,3.3,39),(93,24,79,2.9,33),(93,23,87,3.7,32),(93,22,76,2.6,37),(93,21,90,4.0,36),(93,20,61,1.1,31),(93,19,91,4.1,30),(92,48,66,1.6,46),(92,47,73,2.3,45),(92,46,61,1.1,44),(92,45,82,3.2,6),(92,44,80,3.0,18),(92,43,89,3.9,14),(92,42,66,1.6,27),(92,41,74,2.4,24),(92,40,70,2.0,7),(92,39,67,1.7,43),(92,38,64,1.4,21),(92,37,80,3.0,26),(92,36,78,2.8,25),(92,35,60,1.0,8),(92,34,88,3.8,23),(92,33,83,3.3,22),(92,32,96,4.6,38),(92,31,60,1.0,35),(92,30,68,1.8,34),(92,29,96,4.6,29),(92,28,75,2.5,42),(92,27,79,2.9,41),(92,26,90,4.0,40),(92,25,90,4.0,39),(92,24,79,2.9,33),(92,23,83,3.3,32),(92,22,69,1.9,37),(92,21,69,1.9,36),(92,20,80,3.0,31),(92,19,92,4.2,30),(91,48,96,4.6,46),(91,47,60,1.0,45),(91,46,70,2.0,44),(91,45,62,1.2,6),(91,44,84,3.4,18),(91,43,96,4.6,14),(91,42,67,1.7,27),(91,41,91,4.1,24),(91,40,96,4.6,7),(91,39,77,2.7,43),(91,38,96,4.6,21),(91,37,79,2.9,26),(91,36,73,2.3,25),(91,35,78,2.8,8),(91,34,82,3.2,23),(91,33,91,4.1,22),(91,32,91,4.1,38),(91,31,77,2.7,35),(91,30,61,1.1,34),(91,29,90,4.0,29),(91,28,77,2.7,42),(91,27,59,0.0,41),(91,26,66,1.6,40),(91,25,87,3.7,39),(91,24,88,3.8,33),(91,23,76,2.6,32),(91,22,77,2.7,37),(91,21,89,3.9,36),(91,20,61,1.1,31),(91,19,81,3.1,30),(90,48,74,2.4,46),(90,47,64,1.4,45),(90,46,84,3.4,44),(90,45,90,4.0,6),(90,44,90,4.0,18),(90,43,62,1.2,14),(90,42,91,4.1,27),(90,41,73,2.3,24),(90,40,93,4.3,7),(90,39,80,3.0,43),(90,38,68,1.8,21),(90,37,91,4.1,26),(90,36,81,3.1,25),(90,35,72,2.2,8),(90,34,90,4.0,23),(90,33,70,2.0,22),(90,32,65,1.5,38),(90,31,82,3.2,35),(90,30,57,0.0,34),(90,29,89,3.9,29),(90,28,69,1.9,42),(90,27,79,2.9,41),(90,26,67,1.7,40),(90,25,85,3.5,39),(90,24,78,2.8,33),(90,23,63,1.3,32),(90,22,84,3.4,37),(90,21,76,2.6,36),(90,20,89,3.9,31),(90,19,58,0.0,30),(89,48,61,1.1,46),(89,47,89,3.9,45),(89,46,87,3.7,44),(89,45,82,3.2,6),(89,44,97,0.0,18),(89,43,77,2.7,14),(89,42,75,2.5,27),(89,41,59,0.0,24),(89,40,78,2.8,7),(89,39,96,4.6,43),(89,38,75,2.5,21),(89,37,78,2.8,26),(89,36,67,1.7,25),(89,35,82,3.2,8),(89,34,80,3.0,23),(89,33,81,3.1,22),(89,32,70,2.0,38),(89,31,92,4.2,35),(89,30,94,4.4,34),(89,29,62,1.2,29),(89,28,81,3.1,42),(89,27,84,3.4,41),(89,26,67,1.7,40),(89,25,90,4.0,39),(89,24,63,1.3,33),(89,23,71,2.1,32),(89,22,96,4.6,37),(89,21,92,4.2,36),(89,20,77,2.7,31),(89,19,94,4.4,30),(88,48,64,1.4,46),(88,47,69,1.9,45),(88,46,62,1.2,44),(88,45,61,1.1,6),(88,44,87,3.7,18),(88,43,92,4.2,14),(88,42,79,2.9,27),(88,41,73,2.3,24),(88,40,81,3.1,7),(88,39,57,0.0,43),(88,38,89,3.9,21),(88,37,74,2.4,26),(88,36,87,3.7,25),(88,35,84,3.4,8),(88,34,80,3.0,23),(88,33,86,3.6,22),(88,32,58,0.0,38),(88,31,93,4.3,35),(88,30,62,1.2,34),(88,29,91,4.1,29),(88,28,82,3.2,42),(88,27,66,1.6,41),(88,26,75,2.5,40),(88,25,61,1.1,39),(88,24,71,2.1,33),(88,23,70,2.0,32),(88,22,93,4.3,37),(88,21,95,4.5,36),(88,20,69,1.9,31),(88,19,81,3.1,30),(87,48,86,3.6,46),(87,47,84,3.4,45),(87,46,98,0.0,44),(87,45,92,4.2,6),(87,44,88,3.8,18),(87,43,72,2.2,14),(87,42,83,3.3,27),(87,41,69,1.9,24),(87,40,93,4.3,7),(87,39,74,2.4,43),(87,38,78,2.8,21),(87,37,79,2.9,26),(87,36,91,4.1,25),(87,35,83,3.3,8),(87,34,94,4.4,23),(87,33,91,4.1,22),(87,32,76,2.6,38),(87,31,73,2.3,35),(87,30,72,2.2,34),(87,29,93,4.3,29),(87,28,57,0.0,42),(87,27,80,3.0,41),(87,26,62,1.2,40),(87,25,66,1.6,39),(87,24,76,2.6,33),(87,23,79,2.9,32),(87,22,61,1.1,37),(87,21,57,0.0,36),(87,20,61,1.1,31),(87,19,95,4.5,30),(86,48,71,2.1,46),(86,47,87,3.7,45),(86,46,68,1.8,44),(86,45,86,3.6,6),(86,44,84,3.4,18),(86,43,61,1.1,14),(86,42,67,1.7,27),(86,41,94,4.4,24),(86,40,76,2.6,7),(86,39,59,0.0,43),(86,38,61,1.1,21),(86,37,62,1.2,26),(86,36,88,3.8,25),(86,35,62,1.2,8),(86,34,64,1.4,23),(86,33,90,4.0,22),(86,32,64,1.4,38),(86,31,57,0.0,35),(86,30,81,3.1,34),(86,29,78,2.8,29),(86,28,96,4.6,42),(86,27,67,1.7,41),(86,26,66,1.6,40),(86,25,61,1.1,39),(86,24,80,3.0,33),(86,23,65,1.5,32),(86,22,76,2.6,37),(86,21,61,1.1,36),(86,20,83,3.3,31),(86,19,88,3.8,30),(85,48,64,1.4,46),(85,47,73,2.3,45),(85,46,76,2.6,44),(85,45,59,0.0,6),(85,44,60,1.0,18),(85,43,94,4.4,14),(85,42,95,4.5,27),(85,41,78,2.8,24),(85,40,76,2.6,7),(85,39,61,1.1,43),(85,38,71,2.1,21),(85,37,82,3.2,26),(85,36,95,4.5,25),(85,35,65,1.5,8),(85,34,66,1.6,23),(85,33,94,4.4,22),(85,32,91,4.1,38),(85,31,94,4.4,35),(85,30,61,1.1,34),(85,29,85,3.5,29),(85,28,83,3.3,42),(85,27,57,0.0,41),(85,26,73,2.3,40),(85,25,69,1.9,39),(85,24,94,4.4,33),(85,23,84,3.4,32),(85,22,81,3.1,37),(85,21,73,2.3,36),(85,20,96,4.6,31),(85,19,69,1.9,30),(84,48,61,1.1,46),(84,47,88,3.8,45),(84,46,75,2.5,44),(84,45,77,2.7,6),(84,44,90,4.0,18),(84,43,96,4.6,14),(84,42,94,4.4,27),(84,41,60,1.0,24),(84,40,66,1.6,7),(84,39,73,2.3,43),(84,38,81,3.1,21),(84,37,81,3.1,26),(84,36,57,0.0,25),(84,35,95,4.5,8),(84,34,61,1.1,23),(84,33,65,1.5,22),(84,32,73,2.3,38),(84,31,73,2.3,35),(84,30,66,1.6,34),(84,29,85,3.5,29),(84,28,95,4.5,42),(84,27,88,3.8,41),(84,26,70,2.0,40),(84,25,95,4.5,39),(84,24,89,3.9,33),(84,23,91,4.1,32),(84,22,79,2.9,37),(84,21,69,1.9,36),(84,20,85,3.5,31),(84,19,65,1.5,30),(83,48,65,1.5,46),(83,47,90,0.0,45),(83,46,68,1.8,44),(83,45,69,1.9,6),(83,44,64,1.4,18),(83,43,69,1.9,14),(83,42,75,2.5,27),(83,41,59,0.0,24),(83,40,64,1.4,7),(83,39,68,1.8,43),(83,38,63,1.3,21),(83,37,63,1.3,26),(83,36,88,3.8,25),(83,35,63,1.3,8),(83,34,57,0.0,23),(83,33,66,1.6,22),(83,32,69,1.9,38),(83,31,85,3.5,35),(83,30,91,4.1,34),(83,29,72,2.2,29),(83,28,81,3.1,42),(83,27,59,0.0,41),(83,26,67,1.7,40),(83,25,88,3.8,39),(83,24,84,3.4,33),(83,23,85,3.5,32),(83,22,92,4.2,37),(83,21,89,3.9,36),(83,20,72,2.2,31),(83,19,81,3.1,30),(82,48,70,2.0,46),(82,47,60,1.0,45),(82,46,73,2.3,44),(82,45,76,2.6,6),(82,44,65,1.5,18),(82,43,59,0.0,14),(82,42,86,3.6,27),(82,41,67,1.7,24),(82,40,85,3.5,7),(82,39,76,2.6,43),(82,38,71,2.1,21),(82,37,77,2.7,26),(82,36,96,4.6,25),(82,35,92,4.2,8),(82,34,89,3.9,23),(82,33,76,2.6,22),(82,32,61,1.1,38),(82,31,77,2.7,35),(82,30,83,3.3,34),(82,29,61,1.1,29),(82,28,69,1.9,42),(82,27,89,3.9,41),(82,26,95,4.5,40),(82,25,89,3.9,39),(82,24,84,3.4,33),(82,23,96,4.6,32),(82,22,85,3.5,37),(82,21,78,2.8,36),(82,20,69,1.9,31),(82,19,72,2.2,30),(81,48,80,3.0,46),(81,47,87,3.7,45),(81,46,96,4.6,44),(81,45,62,1.2,6),(81,44,87,0.0,18),(81,43,73,2.3,14),(81,42,94,4.4,27),(81,41,78,2.8,24),(81,40,68,1.8,7),(81,39,64,1.4,43),(81,38,61,1.1,21),(81,37,79,2.9,26),(81,36,78,2.8,25),(81,35,63,1.3,8),(81,34,93,4.3,23),(81,33,78,2.8,22),(81,32,77,2.7,38),(81,31,59,0.0,35),(81,30,83,3.3,34),(81,29,62,1.2,29),(81,28,66,1.6,42),(81,27,70,2.0,41),(81,26,96,4.6,40),(81,25,57,0.0,39),(81,24,92,4.2,33),(81,23,61,1.1,32),(81,22,59,0.0,37),(81,21,61,1.1,36),(81,20,57,0.0,31),(81,19,85,3.5,30),(80,48,82,3.2,46),(80,47,88,0.0,45),(80,46,81,3.1,44),(80,45,57,0.0,6),(80,44,78,2.8,18),(80,43,68,1.8,14),(80,42,59,0.0,27),(80,41,70,2.0,24),(80,40,88,3.8,7),(80,39,83,3.3,43),(80,38,64,1.4,21),(80,37,87,3.7,26),(80,36,72,2.2,25),(80,35,91,4.1,8),(80,34,65,1.5,23),(80,33,89,3.9,22),(80,32,71,2.1,38),(80,31,86,3.6,35),(80,30,60,1.0,34),(80,29,80,3.0,29),(80,28,74,2.4,42),(80,27,88,3.8,41),(80,26,86,3.6,40),(80,25,74,2.4,39),(80,24,61,1.1,33),(80,23,84,3.4,32),(80,22,74,2.4,37),(80,21,75,2.5,36),(80,20,67,1.7,31),(80,19,85,3.5,30),(79,48,63,1.3,46),(79,47,92,4.2,45),(79,46,94,4.4,44),(79,45,57,0.0,6),(79,44,62,1.2,18),(79,43,71,2.1,14),(79,42,90,4.0,27),(79,41,85,3.5,24),(79,40,63,1.3,7),(79,39,67,1.7,43),(79,38,83,3.3,21),(79,37,64,1.4,26),(79,36,89,3.9,25),(79,35,77,2.7,8),(79,34,72,2.2,23),(79,33,77,2.7,22),(79,32,87,3.7,38),(79,31,84,3.4,35),(79,30,72,2.2,34),(79,29,86,3.6,29),(79,28,93,4.3,42),(79,27,84,3.4,41),(79,26,78,2.8,40),(79,25,78,2.8,39),(79,24,78,2.8,33),(79,23,84,3.4,32),(79,22,96,4.6,37),(79,21,65,1.5,36),(79,20,75,2.5,31),(79,19,79,2.9,30),(78,48,65,1.5,46),(78,47,85,3.5,45),(78,46,75,2.5,44),(78,45,79,2.9,6),(78,44,66,1.6,18),(78,43,82,3.2,14),(78,42,82,3.2,27),(78,41,67,1.7,24),(78,40,93,4.3,7),(78,39,75,2.5,43),(78,38,68,1.8,21),(78,37,80,3.0,26),(78,36,58,0.0,25),(78,35,73,2.3,8),(78,34,91,4.1,23),(78,33,78,2.8,22),(78,32,70,2.0,38),(78,31,69,1.9,35),(78,30,70,2.0,34),(78,29,63,1.3,29),(78,28,64,1.4,42),(78,27,81,3.1,41),(78,26,85,3.5,40),(78,25,96,4.6,39),(78,24,91,4.1,33),(78,23,85,3.5,32),(78,22,76,2.6,37),(78,21,81,3.1,36),(78,20,76,2.6,31),(78,19,78,2.8,30),(77,48,58,0.0,46),(77,47,62,1.2,45),(77,46,96,4.6,44),(77,45,79,2.9,6),(77,44,69,1.9,18),(77,43,91,4.1,14),(77,42,78,2.8,27),(77,41,92,4.2,24),(77,40,73,2.3,7),(77,39,76,2.6,43),(77,38,84,3.4,21),(77,37,88,3.8,26),(77,36,81,3.1,25),(77,35,71,2.1,8),(77,34,70,2.0,23),(77,33,69,1.9,22),(77,32,82,3.2,38),(77,31,59,0.0,35),(77,30,82,3.2,34),(77,29,80,3.0,29),(77,28,83,3.3,42),(77,27,60,1.0,41),(77,26,82,3.2,40),(77,25,66,1.6,39),(77,24,88,3.8,33),(77,23,89,3.9,32),(77,22,63,1.3,37),(77,21,87,3.7,36),(77,20,96,4.6,31),(77,19,78,2.8,30),(76,48,67,1.7,46),(76,47,81,3.1,45),(76,46,75,2.5,44),(76,45,84,3.4,6),(76,44,86,0.0,18),(76,43,68,1.8,14),(76,42,60,1.0,27),(76,41,96,4.6,24),(76,40,89,3.9,7),(76,39,74,2.4,43),(76,38,90,4.0,21),(76,37,61,1.1,26),(76,36,71,2.1,25),(76,35,68,1.8,8),(76,34,77,2.7,23),(76,33,64,1.4,22),(76,32,86,3.6,38),(76,31,68,1.8,35),(76,30,91,4.1,34),(76,29,93,4.3,29),(76,28,67,1.7,42),(76,27,92,4.2,41),(76,26,83,3.3,40),(76,25,66,1.6,39),(76,24,84,3.4,33),(76,23,58,0.0,32),(76,22,68,1.8,37),(76,21,65,1.5,36),(76,20,67,1.7,31),(76,19,77,2.7,30),(75,48,77,2.7,46),(75,47,68,1.8,45),(75,46,92,4.2,44),(75,45,66,1.6,6),(75,44,91,4.1,18),(75,43,91,4.1,14),(75,42,70,2.0,27),(75,41,74,2.4,24),(75,40,66,1.6,7),(75,39,61,1.1,43),(75,38,65,1.5,21),(75,37,80,3.0,26),(75,36,92,4.2,25),(75,35,80,3.0,8),(75,34,78,2.8,23),(75,33,95,4.5,22),(75,32,96,4.6,38),(75,31,73,2.3,35),(75,30,71,2.1,34),(75,29,73,2.3,29),(75,28,57,0.0,42),(75,27,69,1.9,41),(75,26,72,2.2,40),(75,25,92,4.2,39),(75,24,69,1.9,33),(75,23,70,2.0,32),(75,22,80,3.0,37),(75,21,58,0.0,36),(75,20,90,4.0,31),(75,19,64,1.4,30),(74,48,90,4.0,46),(74,47,75,2.5,45),(74,46,88,3.8,44),(74,45,64,1.4,6),(74,44,90,4.0,18),(74,43,70,2.0,14),(74,42,71,2.1,27),(74,41,74,2.4,24),(74,40,69,1.9,7),(74,39,83,3.3,43),(74,38,85,3.5,21),(74,37,57,0.0,26),(74,36,74,2.4,25),(74,35,88,3.8,8),(74,34,69,1.9,23),(74,33,72,2.2,22),(74,32,87,3.7,38),(74,31,62,1.2,35),(74,30,80,3.0,34),(74,29,80,3.0,29),(74,28,69,1.9,42),(74,27,95,4.5,41),(74,26,91,4.1,40),(74,25,65,1.5,39),(74,24,95,4.5,33),(74,23,62,1.2,32),(74,22,85,3.5,37),(74,21,78,2.8,36),(74,20,62,1.2,31),(74,19,65,1.5,30),(73,48,80,3.0,46),(73,47,61,1.1,45),(73,46,60,1.0,44),(73,45,85,3.5,6),(73,44,74,2.4,18),(73,43,79,2.9,14),(73,42,72,2.2,27),(73,41,62,1.2,24),(73,40,62,1.2,7),(73,39,67,1.7,43),(73,38,59,0.0,21),(73,37,68,1.8,26),(73,36,67,1.7,25),(73,35,91,4.1,8),(73,34,84,3.4,23),(73,33,81,3.1,22),(73,32,91,4.1,38),(73,31,57,0.0,35),(73,30,92,4.2,34),(73,29,85,3.5,29),(73,28,80,3.0,42),(73,27,71,2.1,41),(73,26,95,4.5,40),(73,25,83,3.3,39),(73,24,82,3.2,33),(73,23,93,4.3,32),(73,22,77,2.7,37),(73,21,62,1.2,36),(73,20,86,3.6,31),(73,19,81,3.1,30),(72,48,85,3.5,46),(72,47,75,0.0,45),(72,46,89,3.9,44),(72,45,90,4.0,6),(72,44,80,3.0,18),(72,43,78,2.8,14),(72,42,89,3.9,27),(72,41,61,1.1,24),(72,40,70,2.0,7),(72,39,82,3.2,43),(72,38,75,2.5,21),(72,37,92,4.2,26),(72,36,74,2.4,25),(72,35,81,3.1,8),(72,34,91,4.1,23),(72,33,92,4.2,22),(72,32,85,3.5,38),(72,31,82,3.2,35),(72,30,67,1.7,34),(72,29,64,1.4,29),(72,28,82,3.2,42),(72,27,74,2.4,41),(72,26,88,3.8,40),(72,25,65,1.5,39),(72,24,93,4.3,33),(72,23,90,4.0,32),(72,22,65,1.5,37),(72,21,83,3.3,36),(72,20,68,1.8,31),(72,19,57,0.0,30),(71,48,74,2.4,46),(71,47,83,3.3,45),(71,46,74,2.4,44),(71,45,62,1.2,6),(71,44,71,2.1,18),(71,43,79,2.9,14),(71,42,93,4.3,27),(71,41,69,1.9,24),(71,40,96,4.6,7),(71,39,96,4.6,43),(71,38,76,2.6,21),(71,37,65,1.5,26),(71,36,69,1.9,25),(71,35,87,3.7,8),(71,34,77,2.7,23),(71,33,88,3.8,22),(71,32,88,3.8,38),(71,31,90,4.0,35),(71,30,74,2.4,34),(71,29,89,3.9,29),(71,28,72,2.2,42),(71,27,69,1.9,41),(71,26,94,4.4,40),(71,25,96,4.6,39),(71,24,83,3.3,33),(71,23,62,1.2,32),(71,22,91,4.1,37),(71,21,84,3.4,36),(71,20,78,2.8,31),(71,19,63,1.3,30),(70,48,58,0.0,46),(70,47,92,4.2,45),(70,46,64,1.4,44),(70,45,89,3.9,6),(70,44,84,0.0,18),(70,43,83,3.3,14),(70,42,58,0.0,27),(70,41,61,1.1,24),(70,40,65,1.5,7),(70,39,92,4.2,43),(70,38,72,2.2,21),(70,37,86,3.6,26),(70,36,85,3.5,25),(70,35,74,2.4,8),(70,34,91,4.1,23),(70,33,61,1.1,22),(70,32,92,4.2,38),(70,31,64,1.4,35),(70,30,95,4.5,34),(70,29,60,1.0,29),(70,28,94,4.4,42),(70,27,66,1.6,41),(70,26,85,3.5,40),(70,25,67,1.7,39),(70,24,76,2.6,33),(70,23,79,2.9,32),(70,22,87,3.7,37),(70,21,76,2.6,36),(70,20,61,1.1,31),(70,19,92,4.2,30),(69,48,90,4.0,46),(69,47,76,2.6,45),(69,46,80,3.0,44),(69,45,81,3.1,6),(69,44,73,2.3,18),(69,43,94,4.4,14),(69,42,80,3.0,27),(69,41,63,1.3,24),(69,40,64,1.4,7),(69,39,94,4.4,43),(69,38,59,0.0,21),(69,37,80,3.0,26),(69,36,63,1.3,25),(69,35,89,3.9,8),(69,34,91,4.1,23),(69,33,81,3.1,22),(69,32,84,3.4,38),(69,31,81,3.1,35),(69,30,79,2.9,34),(69,29,82,3.2,29),(69,28,61,1.1,42),(69,27,64,1.4,41),(69,26,86,3.6,40),(69,25,91,4.1,39),(69,24,63,1.3,33),(69,23,68,1.8,32),(69,22,71,2.1,37),(69,21,74,2.4,36),(69,20,58,0.0,31),(69,19,93,4.3,30),(68,48,92,4.2,46),(68,47,91,4.1,45),(68,46,86,0.0,44),(68,45,78,2.8,6),(68,44,93,4.3,18),(68,43,90,4.0,14),(68,42,91,4.1,27),(68,41,77,2.7,24),(68,40,64,1.4,7),(68,39,84,3.4,43),(68,38,62,1.2,21),(68,37,91,4.1,26),(68,36,88,3.8,25),(68,35,78,2.8,8),(68,34,62,1.2,23),(68,33,84,3.4,22),(68,32,76,2.6,38),(68,31,83,3.3,35),(68,30,92,4.2,34),(68,29,69,1.9,29),(68,28,79,2.9,42),(68,27,79,2.9,41),(68,26,81,3.1,40),(68,25,74,2.4,39),(68,24,82,3.2,33),(68,23,79,2.9,32),(68,22,65,1.5,37),(68,21,62,1.2,36),(68,20,83,3.3,31),(68,19,86,3.6,30),(67,48,74,2.4,46),(67,47,93,4.3,45),(67,46,90,4.0,44),(67,45,96,4.6,6),(67,44,93,4.3,18),(67,43,90,4.0,14),(67,42,94,4.4,27),(67,41,71,2.1,24),(67,40,57,0.0,7),(67,39,91,4.1,43),(67,38,94,4.4,21),(67,37,63,1.3,26),(67,36,84,3.4,25),(67,35,91,4.1,8),(67,34,60,1.0,23),(67,33,72,2.2,22),(67,32,76,2.6,38),(67,31,74,2.4,35),(67,30,58,0.0,34),(67,29,70,2.0,29),(67,28,93,4.3,42),(67,27,89,3.9,41),(67,26,81,3.1,40),(67,25,82,3.2,39),(67,24,89,3.9,33),(67,23,94,4.4,32),(67,22,94,4.4,37),(67,21,94,4.4,36),(67,20,81,3.1,31),(67,19,94,4.4,30),(96,19,76,2.6,30),(96,20,59,0.0,31),(96,21,70,2.0,36),(96,22,69,1.9,37),(96,23,64,1.4,32),(96,24,83,3.3,33),(96,25,95,4.5,39),(96,26,68,1.8,40),(96,27,88,3.8,41),(96,28,65,1.5,42),(96,29,94,4.4,29),(96,30,78,2.8,34),(96,31,84,3.4,35),(96,32,69,1.9,38),(97,19,92,4.2,30),(97,20,63,1.3,31),(97,21,80,3.0,36),(97,22,71,2.1,37),(97,23,95,4.5,32),(97,24,60,1.0,33),(97,25,84,3.4,39),(97,26,70,2.0,40),(97,27,62,1.2,41),(97,28,76,2.6,42),(97,29,72,2.2,29),(97,30,65,1.5,34),(97,31,67,1.7,35),(97,32,87,3.7,38),(98,19,59,0.0,30),(98,20,68,1.8,31),(98,21,66,1.6,36),(98,22,67,1.7,37),(98,23,93,4.3,32),(98,24,92,4.2,33),(98,25,78,2.8,39),(98,26,88,3.8,40),(98,27,73,2.3,41),(98,28,79,2.9,42),(98,29,81,3.1,29),(98,30,59,0.0,34),(98,31,60,1.0,35),(98,32,79,2.9,38),(99,19,73,2.3,30),(99,20,80,3.0,31),(99,21,90,4.0,36),(99,22,61,1.1,37),(99,23,63,1.3,32),(99,24,83,3.3,33),(99,25,65,1.5,39),(99,26,77,2.7,40),(99,27,81,3.1,41),(99,28,74,2.4,42),(99,29,91,4.1,29),(99,30,90,4.0,34),(99,31,67,1.7,35),(99,32,95,4.5,38),(100,19,59,0.0,30),(100,20,87,3.7,31),(100,21,89,3.9,36),(100,22,87,3.7,37),(100,23,64,1.4,32),(100,24,83,3.3,33),(100,25,79,2.9,39),(100,26,86,3.6,40),(100,27,83,3.3,41),(100,28,80,3.0,42),(100,29,88,3.8,29),(100,30,90,4.0,34),(100,31,72,2.2,35),(100,32,61,1.1,38),(101,19,85,3.5,30),(101,20,92,4.2,31),(101,21,89,3.9,36),(101,22,74,2.4,37),(101,23,93,4.3,32),(101,24,72,2.2,33),(101,25,74,2.4,39),(101,26,93,4.3,40),(101,27,67,1.7,41),(101,28,88,3.8,42),(101,29,88,3.8,29),(101,30,77,2.7,34),(101,31,62,1.2,35),(101,32,94,4.4,38),(102,19,96,4.6,30),(102,20,64,1.4,31),(102,21,63,1.3,36),(102,22,60,1.0,37),(102,23,66,1.6,32),(102,24,83,3.3,33),(102,25,96,4.6,39),(102,26,59,0.0,40),(102,27,92,4.2,41),(102,28,89,3.9,42),(102,29,62,1.2,29),(102,30,62,1.2,34),(102,31,63,1.3,35),(102,32,64,1.4,38),(103,19,83,3.3,30),(103,20,57,0.0,31),(103,21,59,0.0,36),(103,22,75,2.5,37),(103,23,83,3.3,32),(103,24,82,3.2,33),(103,25,65,1.5,39),(103,26,63,1.3,40),(103,27,79,2.9,41),(103,28,76,2.6,42),(103,29,91,4.1,29),(103,30,93,4.3,34),(103,31,78,2.8,35),(103,32,73,2.3,38),(104,19,79,2.9,30),(104,20,58,0.0,31),(104,21,90,4.0,36),(104,22,81,3.1,37),(104,23,76,2.6,32),(104,24,93,4.3,33),(104,25,85,3.5,39),(104,26,70,2.0,40),(104,27,60,1.0,41),(104,28,63,1.3,42),(104,29,92,4.2,29),(104,30,72,2.2,34),(104,31,70,2.0,35),(104,32,85,3.5,38),(105,19,80,3.0,30),(105,20,70,2.0,31),(105,21,82,3.2,36),(105,22,81,3.1,37),(105,23,75,2.5,32),(105,24,89,3.9,33),(105,25,62,1.2,39),(105,26,61,1.1,40),(105,27,78,2.8,41),(105,28,61,1.1,42),(105,29,87,3.7,29),(105,30,86,3.6,34),(105,31,84,3.4,35),(105,32,96,4.6,38),(106,19,61,1.1,30),(106,20,87,3.7,31),(106,21,88,3.8,36),(106,22,89,3.9,37),(106,23,89,3.9,32),(106,24,66,1.6,33),(106,25,83,3.3,39),(106,26,96,4.6,40),(106,27,66,1.6,41),(106,28,59,0.0,42),(106,29,79,2.9,29),(106,30,82,3.2,34),(106,31,75,2.5,35),(106,32,61,1.1,38),(107,19,74,2.4,30),(107,20,94,4.4,31),(107,21,78,2.8,36),(107,22,96,4.6,37),(107,23,61,1.1,32),(107,24,82,3.2,33),(107,25,84,3.4,39),(107,26,64,1.4,40),(107,27,72,2.2,41),(107,28,96,4.6,42),(107,29,90,4.0,29),(107,30,64,1.4,34),(107,31,73,2.3,35),(107,32,74,2.4,38),(108,19,59,0.0,30),(108,20,61,1.1,31),(108,21,88,3.8,36),(108,22,86,3.6,37),(108,23,74,2.4,32),(108,24,60,1.0,33),(108,25,63,1.3,39),(108,26,83,3.3,40),(108,27,85,3.5,41),(108,28,65,1.5,42),(108,29,87,3.7,29),(108,30,83,3.3,34),(108,31,81,3.1,35),(108,32,92,4.2,38),(109,19,87,3.7,30),(109,20,95,4.5,31),(109,21,94,4.4,36),(109,22,57,0.0,37),(109,23,66,1.6,32),(109,24,83,3.3,33),(109,25,80,3.0,39),(109,26,69,1.9,40),(109,27,94,4.4,41),(109,28,85,3.5,42),(109,29,95,4.5,29),(109,30,77,2.7,34),(109,31,61,1.1,35),(109,32,62,1.2,38),(110,19,58,0.0,30),(110,20,59,0.0,31),(110,21,88,3.8,36),(110,22,70,2.0,37),(110,23,68,1.8,32),(110,24,91,4.1,33),(110,25,72,2.2,39),(110,26,69,1.9,40),(110,27,75,2.5,41),(110,28,66,1.6,42),(110,29,86,3.6,29),(110,30,84,3.4,34),(110,31,60,1.0,35),(110,32,93,4.3,38),(111,19,78,2.8,30),(111,20,68,1.8,31),(111,21,91,4.1,36),(111,22,69,1.9,37),(111,23,61,1.1,32),(111,24,78,2.8,33),(111,25,68,1.8,39),(111,26,80,3.0,40),(111,27,89,3.9,41),(111,28,81,3.1,42),(111,29,80,3.0,29),(111,30,68,1.8,34),(111,31,70,2.0,35),(111,32,87,3.7,38),(112,19,80,3.0,30),(112,20,96,4.6,31),(112,21,95,4.5,36),(112,22,60,1.0,37),(112,23,77,2.7,32),(112,24,87,3.7,33),(112,25,91,4.1,39),(112,26,74,2.4,40),(112,27,85,3.5,41),(112,28,57,0.0,42),(112,29,92,4.2,29),(112,30,65,1.5,34),(112,31,84,3.4,35),(112,32,59,0.0,38),(113,19,83,3.3,30),(113,20,80,3.0,31),(113,21,60,1.0,36),(113,22,58,0.0,37),(113,23,96,4.6,32),(113,24,61,1.1,33),(113,25,77,2.7,39),(113,26,80,3.0,40),(113,27,96,4.6,41),(113,28,59,0.0,42),(113,29,58,0.0,29),(113,30,95,4.5,34),(113,31,74,2.4,35),(113,32,63,1.3,38),(114,19,59,0.0,30),(114,20,85,3.5,31),(114,21,67,1.7,36),(114,22,61,1.1,37),(114,23,92,4.2,32),(114,24,86,3.6,33),(114,25,64,1.4,39),(114,26,66,1.6,40),(114,27,80,3.0,41),(114,28,91,4.1,42),(114,29,89,3.9,29),(114,30,69,1.9,34),(114,31,77,2.7,35),(114,32,88,3.8,38),(115,19,93,4.3,30),(115,20,77,2.7,31),(115,21,66,1.6,36),(115,22,57,0.0,37),(115,23,60,1.0,32),(115,24,87,3.7,33),(115,25,65,1.5,39),(115,26,88,3.8,40),(115,27,74,2.4,41),(115,28,86,3.6,42),(115,29,89,3.9,29),(115,30,82,3.2,34),(115,31,88,3.8,35),(115,32,86,3.6,38),(116,19,72,2.2,30),(116,20,80,3.0,31),(116,21,91,4.1,36),(116,22,57,0.0,37),(116,23,59,0.0,32),(116,24,87,3.7,33),(116,25,81,3.1,39),(116,26,86,3.6,40),(116,27,60,1.0,41),(116,28,81,3.1,42),(116,29,58,0.0,29),(116,30,73,2.3,34),(116,31,86,3.6,35),(116,32,65,1.5,38),(117,19,90,4.0,30),(117,20,93,4.3,31),(117,21,65,1.5,36),(117,22,69,1.9,37),(117,23,70,2.0,32),(117,24,66,1.6,33),(117,25,94,4.4,39),(117,26,72,2.2,40),(117,27,63,1.3,41),(117,28,74,2.4,42),(117,29,61,1.1,29),(117,30,77,2.7,34),(117,31,82,3.2,35),(117,32,74,2.4,38),(118,19,74,2.4,30),(118,20,75,2.5,31),(118,21,88,3.8,36),(118,22,69,1.9,37),(118,23,88,3.8,32),(118,24,96,4.6,33),(118,25,69,1.9,39),(118,26,83,3.3,40),(118,27,70,2.0,41),(118,28,67,1.7,42),(118,29,81,3.1,29),(118,30,78,2.8,34),(118,31,61,1.1,35),(118,32,63,1.3,38),(119,19,77,2.7,30),(119,20,67,1.7,31),(119,21,60,1.0,36),(119,22,68,1.8,37),(119,23,64,1.4,32),(119,24,74,2.4,33),(119,25,66,1.6,39),(119,26,85,3.5,40),(119,27,94,4.4,41),(119,28,84,3.4,42),(119,29,96,4.6,29),(119,30,94,4.4,34),(119,31,82,3.2,35),(119,32,62,1.2,38),(120,19,75,2.5,30),(120,20,65,1.5,31),(120,21,83,3.3,36),(120,22,91,4.1,37),(120,23,84,3.4,32),(120,24,71,2.1,33),(120,25,94,4.4,39),(120,26,81,3.1,40),(120,27,89,3.9,41),(120,28,85,3.5,42),(120,29,69,1.9,29),(120,30,79,2.9,34),(120,31,73,2.3,35),(120,32,90,4.0,38),(121,19,63,1.3,30),(121,20,89,3.9,31),(121,21,69,1.9,36),(121,22,82,3.2,37),(121,23,74,2.4,32),(121,24,71,2.1,33),(121,25,76,2.6,39),(121,26,62,1.2,40),(121,27,73,2.3,41),(121,28,87,3.7,42),(121,29,72,2.2,29),(121,30,90,4.0,34),(121,31,82,3.2,35),(121,32,91,4.1,38),(122,19,77,2.7,30),(122,20,91,4.1,31),(122,21,87,3.7,36),(122,22,95,4.5,37),(122,23,57,0.0,32),(122,24,75,2.5,33),(122,25,76,2.6,39),(122,26,75,2.5,40),(122,27,69,1.9,41),(122,28,68,1.8,42),(122,29,71,2.1,29),(122,30,74,2.4,34),(122,31,71,2.1,35),(122,32,64,1.4,38),(123,19,64,1.4,30),(123,20,63,1.3,31),(123,21,83,3.3,36),(123,22,65,1.5,37),(123,23,90,4.0,32),(123,24,78,2.8,33),(123,25,68,1.8,39),(123,26,77,2.7,40),(123,27,65,1.5,41),(123,28,90,4.0,42),(123,29,70,2.0,29),(123,30,82,3.2,34),(123,31,59,0.0,35),(123,32,58,0.0,38),(124,19,95,4.5,30),(124,20,79,2.9,31),(124,21,92,4.2,36),(124,22,72,2.2,37),(124,23,79,2.9,32),(124,24,77,2.7,33),(124,25,72,2.2,39),(124,26,93,4.3,40),(124,27,96,4.6,41),(124,28,83,3.3,42),(124,29,72,2.2,29),(124,30,65,1.5,34),(124,31,94,4.4,35),(124,32,57,0.0,38),(125,19,83,3.3,30),(125,20,80,3.0,31),(125,21,95,4.5,36),(125,22,70,2.0,37),(125,23,64,1.4,32),(125,24,75,2.5,33),(125,25,88,3.8,39),(125,26,83,3.3,40),(125,27,58,0.0,41),(125,28,83,3.3,42),(125,29,64,1.4,29),(125,30,59,0.0,34),(125,31,94,4.4,35),(125,32,68,1.8,38),(96,33,75,2.5,22),(96,34,78,2.8,23),(97,33,63,1.3,22),(97,34,84,3.4,23),(98,33,68,1.8,22),(98,34,73,2.3,23),(99,33,80,3.0,22),(99,34,84,3.4,23),(100,33,73,2.3,22),(100,34,80,3.0,23),(101,33,76,2.6,22),(101,34,63,1.3,23),(102,33,61,1.1,22),(102,34,72,2.2,23),(103,33,89,3.9,22),(103,34,74,2.4,23),(104,33,61,1.1,22),(104,34,71,2.1,23),(105,33,72,2.2,22),(105,34,86,3.6,23),(106,33,64,1.4,22),(106,34,61,1.1,23),(107,33,78,2.8,22),(107,34,68,1.8,23),(108,33,81,3.1,22),(108,34,83,3.3,23),(109,33,82,3.2,22),(109,34,59,0.0,23),(110,33,86,3.6,22),(110,34,59,0.0,23),(111,33,87,3.7,22),(111,34,79,2.9,23),(112,33,78,2.8,22),(112,34,91,4.1,23),(113,33,72,2.2,22),(113,34,69,1.9,23),(114,33,83,3.3,22),(114,34,69,1.9,23),(115,33,57,0.0,22),(115,34,82,3.2,23),(116,33,59,0.0,22),(116,34,89,3.9,23),(117,33,65,1.5,22),(117,34,84,3.4,23),(118,33,83,3.3,22),(118,34,96,4.6,23),(119,33,72,2.2,22),(119,34,59,0.0,23),(120,33,88,3.8,22),(120,34,71,2.1,23),(121,33,80,3.0,22),(121,34,57,0.0,23),(122,33,82,3.2,22),(122,34,59,0.0,23),(123,33,81,3.1,22),(123,34,69,1.9,23),(124,33,82,3.2,22),(124,34,76,2.6,23),(125,33,59,0.0,22),(125,34,89,3.9,23),(96,49,66,1.6,8),(96,50,60,1.0,25),(96,51,64,1.4,26),(96,52,90,4.0,21),(96,53,66,1.6,43),(96,54,71,2.1,7),(96,55,76,2.6,24),(96,56,67,1.7,27),(96,57,96,4.6,14),(96,58,89,0.0,18),(96,59,90,4.0,6),(96,60,60,1.0,44),(96,61,88,3.8,45),(96,62,76,2.6,46),(97,49,73,2.3,8),(97,50,86,3.6,25),(97,51,92,4.2,26),(97,52,92,4.2,21),(97,53,96,4.6,43),(97,54,72,2.2,7),(97,55,88,3.8,24),(97,56,84,3.4,27),(97,57,69,1.9,14),(97,58,85,3.5,18),(97,59,88,3.8,6),(97,60,95,4.5,44),(97,61,83,3.3,45),(97,62,79,2.9,46),(98,49,85,3.5,8),(98,50,74,2.4,25),(98,51,68,1.8,26),(98,52,87,3.7,21),(98,53,81,3.1,43),(98,54,78,2.8,7),(98,55,95,4.5,24),(98,56,94,4.4,27),(98,57,81,3.1,14),(98,58,62,1.2,18),(98,59,66,1.6,6),(98,60,67,1.7,44),(98,61,95,4.5,45),(98,62,83,3.3,46),(99,49,79,2.9,8),(99,50,63,1.3,25),(99,51,82,3.2,26),(99,52,96,4.6,21),(99,53,94,4.4,43),(99,54,79,2.9,7),(99,55,93,4.3,24),(99,56,80,3.0,27),(99,57,95,4.5,14),(99,58,75,2.5,18),(99,59,93,4.3,6),(99,60,74,2.4,44),(99,61,90,0.0,45),(99,62,58,0.0,46),(100,49,59,0.0,8),(100,50,85,3.5,25),(100,51,89,3.9,26),(100,52,74,2.4,21),(100,53,81,3.1,43),(100,54,66,1.6,7),(100,55,67,1.7,24),(100,56,67,1.7,27),(100,57,61,1.1,14),(100,58,79,2.9,18),(100,59,61,1.1,6),(100,60,82,3.2,44),(100,61,64,1.4,45),(100,62,83,3.3,46),(101,49,95,4.5,8),(101,50,63,1.3,25),(101,51,76,2.6,26),(101,52,63,1.3,21),(101,53,93,4.3,43),(101,54,96,4.6,7),(101,55,95,4.5,24),(101,56,90,4.0,27),(101,57,74,2.4,14),(101,58,71,2.1,18),(101,59,76,2.6,6),(101,60,94,4.4,44),(101,61,69,1.9,45),(101,62,64,1.4,46),(102,49,94,4.4,8),(102,50,68,1.8,25),(102,51,68,1.8,26),(102,52,71,2.1,21),(102,53,85,3.5,43),(102,54,89,3.9,7),(102,55,58,0.0,24),(102,56,73,2.3,27),(102,57,60,1.0,14),(102,58,94,4.4,18),(102,59,62,1.2,6),(102,60,89,3.9,44),(102,61,90,4.0,45),(102,62,59,0.0,46),(103,49,93,4.3,8),(103,50,78,2.8,25),(103,51,80,3.0,26),(103,52,74,2.4,21),(103,53,75,2.5,43),(103,54,62,1.2,7),(103,55,80,3.0,24),(103,56,63,1.3,27),(103,57,72,2.2,14),(103,58,68,1.8,18),(103,59,60,1.0,6),(103,60,96,4.6,44),(103,61,88,3.8,45),(103,62,90,4.0,46),(104,49,86,3.6,8),(104,50,87,3.7,25),(104,51,77,2.7,26),(104,52,85,3.5,21),(104,53,76,2.6,43),(104,54,96,4.6,7),(104,55,75,2.5,24),(104,56,92,4.2,27),(104,57,82,3.2,14),(104,58,83,3.3,18),(104,59,89,3.9,6),(104,60,78,2.8,44),(104,61,82,3.2,45),(104,62,58,0.0,46),(105,49,96,4.6,8),(105,50,57,0.0,25),(105,51,59,0.0,26),(105,52,93,4.3,21),(105,53,90,4.0,43),(105,54,63,1.3,7),(105,55,65,1.5,24),(105,56,66,1.6,27),(105,57,87,3.7,14),(105,58,86,3.6,18),(105,59,81,3.1,6),(105,60,84,3.4,44),(105,61,92,4.2,45),(105,62,59,0.0,46),(106,49,72,2.2,8),(106,50,96,4.6,25),(106,51,86,3.6,26),(106,52,86,3.6,21),(106,53,93,4.3,43),(106,54,79,2.9,7),(106,55,84,3.4,24),(106,56,84,3.4,27),(106,57,60,1.0,14),(106,58,76,2.6,18),(106,59,76,2.6,6),(106,60,77,2.7,44),(106,61,60,1.0,45),(106,62,66,1.6,46),(107,49,94,4.4,8),(107,50,57,0.0,25),(107,51,63,1.3,26),(107,52,80,3.0,21),(107,53,64,1.4,43),(107,54,57,0.0,7),(107,55,92,4.2,24),(107,56,91,4.1,27),(107,57,66,1.6,14),(107,58,79,2.9,18),(107,59,71,2.1,6),(107,60,78,2.8,44),(107,61,74,2.4,45),(107,62,59,0.0,46),(108,49,89,3.9,8),(108,50,94,4.4,25),(108,51,72,2.2,26),(108,52,72,2.2,21),(108,53,66,1.6,43),(108,54,57,0.0,7),(108,55,75,2.5,24),(108,56,75,2.5,27),(108,57,75,2.5,14),(108,58,70,2.0,18),(108,59,75,2.5,6),(108,60,75,2.5,44),(108,61,82,3.2,45),(108,62,71,2.1,46),(109,49,91,4.1,8),(109,50,70,2.0,25),(109,51,59,0.0,26),(109,52,86,3.6,21),(109,53,90,4.0,43),(109,54,85,3.5,7),(109,55,60,1.0,24),(109,56,85,3.5,27),(109,57,72,2.2,14),(109,58,94,4.4,18),(109,59,87,3.7,6),(109,60,92,4.2,44),(109,61,83,3.3,45),(109,62,95,4.5,46),(110,49,83,3.3,8),(110,50,83,3.3,25),(110,51,85,3.5,26),(110,52,84,3.4,21),(110,53,90,4.0,43),(110,54,75,2.5,7),(110,55,69,1.9,24),(110,56,93,4.3,27),(110,57,91,4.1,14),(110,58,69,1.9,18),(110,59,90,4.0,6),(110,60,80,3.0,44),(110,61,60,1.0,45),(110,62,58,0.0,46),(111,49,87,3.7,8),(111,50,71,2.1,25),(111,51,92,4.2,26),(111,52,69,1.9,21),(111,53,96,4.6,43),(111,54,60,1.0,7),(111,55,78,2.8,24),(111,56,60,1.0,27),(111,57,59,0.0,14),(111,58,85,3.5,18),(111,59,92,4.2,6),(111,60,80,3.0,44),(111,61,65,1.5,45),(111,62,79,2.9,46),(112,49,89,3.9,8),(112,50,76,2.6,25),(112,51,62,1.2,26),(112,52,63,1.3,21),(112,53,78,2.8,43),(112,54,61,1.1,7),(112,55,61,1.1,24),(112,56,82,3.2,27),(112,57,58,0.0,14),(112,58,96,4.6,18),(112,59,85,3.5,6),(112,60,91,4.1,44),(112,61,91,4.1,45),(112,62,79,2.9,46),(113,49,68,1.8,8),(113,50,91,4.1,25),(113,51,75,2.5,26),(113,52,73,2.3,21),(113,53,75,2.5,43),(113,54,96,4.6,7),(113,55,75,2.5,24),(113,56,92,4.2,27),(113,57,63,1.3,14),(113,58,71,2.1,18),(113,59,78,2.8,6),(113,60,68,1.8,44),(113,61,61,1.1,45),(113,62,78,2.8,46),(114,49,80,3.0,8),(114,50,58,0.0,25),(114,51,67,1.7,26),(114,52,89,3.9,21),(114,53,66,1.6,43),(114,54,82,3.2,7),(114,55,62,1.2,24),(114,56,63,1.3,27),(114,57,71,2.1,14),(114,58,62,1.2,18),(114,59,73,2.3,6),(114,60,63,1.3,44),(114,61,87,3.7,45),(114,62,68,1.8,46),(115,49,73,2.3,8),(115,50,82,3.2,25),(115,51,60,1.0,26),(115,52,64,1.4,21),(115,53,77,2.7,43),(115,54,72,2.2,7),(115,55,64,1.4,24),(115,56,68,1.8,27),(115,57,57,0.0,14),(115,58,76,2.6,18),(115,59,75,2.5,6),(115,60,93,4.3,44),(115,61,91,0.0,45),(115,62,63,1.3,46),(116,49,81,3.1,8),(116,50,91,4.1,25),(116,51,63,1.3,26),(116,52,87,3.7,21),(116,53,76,2.6,43),(116,54,64,1.4,7),(116,55,83,3.3,24),(116,56,85,3.5,27),(116,57,81,3.1,14),(116,58,68,1.8,18),(116,59,58,0.0,6),(116,60,83,3.3,44),(116,61,70,2.0,45),(116,62,70,2.0,46),(117,49,85,3.5,8),(117,50,61,1.1,25),(117,51,78,2.8,26),(117,52,80,3.0,21),(117,53,78,2.8,43),(117,54,73,2.3,7),(117,55,83,3.3,24),(117,56,75,2.5,27),(117,57,95,4.5,14),(117,58,92,0.0,18),(117,59,78,2.8,6),(117,60,93,4.3,44),(117,61,83,3.3,45),(117,62,88,3.8,46),(118,49,91,4.1,8),(118,50,95,4.5,25),(118,51,80,3.0,26),(118,52,75,2.5,21),(118,53,77,2.7,43),(118,54,69,1.9,7),(118,55,67,1.7,24),(118,56,83,3.3,27),(118,57,85,3.5,14),(118,58,80,3.0,18),(118,59,78,2.8,6),(118,60,76,2.6,44),(118,61,90,4.0,45),(118,62,62,1.2,46),(119,49,73,2.3,8),(119,50,89,3.9,25),(119,51,68,1.8,26),(119,52,65,1.5,21),(119,53,96,4.6,43),(119,54,65,1.5,7),(119,55,61,1.1,24),(119,56,66,1.6,27),(119,57,84,3.4,14),(119,58,94,4.4,18),(119,59,69,1.9,6),(119,60,90,4.0,44),(119,61,81,3.1,45),(119,62,76,2.6,46),(120,49,81,3.1,8),(120,50,81,3.1,25),(120,51,61,1.1,26),(120,52,91,4.1,21),(120,53,70,2.0,43),(120,54,58,0.0,7),(120,55,76,2.6,24),(120,56,60,1.0,27),(120,57,65,1.5,14),(120,58,70,2.0,18),(120,59,79,2.9,6),(120,60,62,1.2,44),(120,61,74,2.4,45),(120,62,80,3.0,46),(121,49,67,1.7,8),(121,50,82,3.2,25),(121,51,60,1.0,26),(121,52,85,3.5,21),(121,53,69,1.9,43),(121,54,69,1.9,7),(121,55,88,3.8,24),(121,56,70,2.0,27),(121,57,90,4.0,14),(121,58,71,2.1,18),(121,59,70,2.0,6),(121,60,80,3.0,44),(121,61,74,2.4,45),(121,62,90,4.0,46),(122,49,77,2.7,8),(122,50,93,4.3,25),(122,51,64,1.4,26),(122,52,88,3.8,21),(122,53,61,1.1,43),(122,54,64,1.4,7),(122,55,86,3.6,24),(122,56,90,4.0,27),(122,57,83,3.3,14),(122,58,86,3.6,18),(122,59,90,4.0,6),(122,60,72,2.2,44),(122,61,65,1.5,45),(122,62,88,3.8,46),(123,49,59,0.0,8),(123,50,63,1.3,25),(123,51,91,4.1,26),(123,52,60,1.0,21),(123,53,93,4.3,43),(123,54,82,3.2,7),(123,55,77,2.7,24),(123,56,77,2.7,27),(123,57,79,2.9,14),(123,58,64,1.4,18),(123,59,88,3.8,6),(123,60,91,4.1,44),(123,61,60,1.0,45),(123,62,73,2.3,46),(124,49,91,4.1,8),(124,50,70,2.0,25),(124,51,60,1.0,26),(124,52,61,1.1,21),(124,53,94,4.4,43),(124,54,83,3.3,7),(124,55,58,0.0,24),(124,56,82,3.2,27),(124,57,78,2.8,14),(124,58,80,3.0,18),(124,59,80,3.0,6),(124,60,67,1.7,44),(124,61,66,1.6,45),(124,62,60,1.0,46),(125,49,64,1.4,8),(125,50,61,1.1,25),(125,51,88,3.8,26),(125,52,87,3.7,21),(125,53,92,4.2,43),(125,54,69,1.9,7),(125,55,61,1.1,24),(125,56,71,2.1,27),(125,57,67,1.7,14),(125,58,77,2.7,18),(125,59,87,3.7,6),(125,60,64,1.4,44),(125,61,87,3.7,45),(125,62,93,4.3,46),(67,63,92,4.2,47),(67,65,70,2.0,48),(67,67,90,4.0,49),(68,63,79,2.9,47),(68,65,62,1.2,48),(68,67,86,3.6,49),(69,63,76,2.6,47),(69,65,87,3.7,48),(69,67,70,2.0,49),(70,63,78,2.8,47),(70,65,83,3.3,48),(70,67,96,4.6,49),(71,63,75,2.5,47),(71,65,80,3.0,48),(71,67,58,0.0,49),(72,63,57,0.0,47),(72,65,92,4.2,48),(72,67,79,2.9,49),(73,63,64,1.4,47),(73,65,58,0.0,48),(73,67,96,4.6,49),(74,63,64,1.4,47),(74,65,88,3.8,48),(74,67,64,1.4,49),(75,63,78,2.8,47),(75,65,73,2.3,48),(75,67,79,2.9,49),(76,63,71,2.1,47),(76,65,95,4.5,48),(76,67,67,1.7,49),(77,63,72,2.2,47),(77,65,89,3.9,48),(77,67,90,4.0,49),(78,63,84,3.4,47),(78,65,61,1.1,48),(78,67,76,2.6,49),(79,63,77,2.7,47),(79,65,64,1.4,48),(79,67,77,2.7,49),(80,63,58,0.0,47),(80,65,80,3.0,48),(80,67,66,1.6,49),(81,63,83,3.3,47),(81,65,85,3.5,48),(81,67,94,4.4,49),(82,63,69,1.9,47),(82,65,65,1.5,48),(82,67,84,3.4,49),(83,63,86,3.6,47),(83,65,78,2.8,48),(83,67,82,3.2,49),(84,63,83,3.3,47),(84,65,71,2.1,48),(84,67,91,4.1,49),(85,63,79,2.9,47),(85,65,82,3.2,48),(85,67,67,1.7,49),(86,63,86,3.6,47),(86,65,91,4.1,48),(86,67,65,1.5,49),(87,63,84,3.4,47),(87,65,89,3.9,48),(87,67,80,3.0,49),(88,63,87,3.7,47),(88,65,91,4.1,48),(88,67,66,1.6,49),(89,63,94,4.4,47),(89,65,92,4.2,48),(89,67,83,3.3,49),(90,63,74,2.4,47),(90,65,71,2.1,48),(90,67,62,1.2,49),(91,63,91,4.1,47),(91,65,82,3.2,48),(91,67,58,0.0,49),(92,63,85,3.5,47),(92,65,66,1.6,48),(92,67,88,3.8,49),(93,63,89,3.9,47),(93,65,88,3.8,48),(93,67,87,3.7,49),(94,63,61,1.1,47),(94,65,61,1.1,48),(94,67,72,2.2,49),(95,63,61,1.1,47),(95,65,90,4.0,48),(95,67,89,3.9,49),(96,64,71,2.1,47),(96,66,72,2.2,48),(96,68,67,1.7,49),(97,64,70,2.0,47),(97,66,65,1.5,48),(97,68,69,1.9,49),(98,64,88,3.8,47),(98,66,63,1.3,48),(98,68,74,2.4,49),(99,64,68,1.8,47),(99,66,82,3.2,48),(99,68,89,3.9,49),(100,64,92,4.2,47),(100,66,86,3.6,48),(100,68,91,4.1,49),(101,64,59,0.0,47),(101,66,65,1.5,48),(101,68,86,3.6,49),(102,64,80,3.0,47),(102,66,90,4.0,48),(102,68,66,1.6,49),(103,64,84,3.4,47),(103,66,68,1.8,48),(103,68,64,1.4,49),(104,64,73,2.3,47),(104,66,64,1.4,48),(104,68,78,2.8,49),(105,64,88,3.8,47),(105,66,69,1.9,48),(105,68,88,3.8,49),(106,64,96,4.6,47),(106,66,86,3.6,48),(106,68,80,3.0,49),(107,64,57,0.0,47),(107,66,76,2.6,48),(107,68,82,3.2,49),(108,64,65,1.5,47),(108,66,63,1.3,48),(108,68,87,3.7,49),(109,64,83,3.3,47),(109,66,68,1.8,48),(109,68,71,2.1,49),(110,64,83,3.3,47),(110,66,87,3.7,48),(110,68,81,3.1,49),(111,64,65,1.5,47),(111,66,85,3.5,48),(111,68,62,1.2,49),(112,64,57,0.0,47),(112,66,81,3.1,48),(112,68,75,2.5,49),(113,64,90,4.0,47),(113,66,78,2.8,48),(113,68,91,4.1,49),(114,64,75,2.5,47),(114,66,77,2.7,48),(114,68,87,3.7,49),(115,64,81,3.1,47),(115,66,80,3.0,48),(115,68,85,3.5,49),(116,64,58,0.0,47),(116,66,84,3.4,48),(116,68,64,1.4,49),(117,64,58,0.0,47),(117,66,88,3.8,48),(117,68,75,2.5,49),(118,64,74,2.4,47),(118,66,78,2.8,48),(118,68,57,0.0,49),(119,64,69,1.9,47),(119,66,87,3.7,48),(119,68,58,0.0,49),(120,64,81,3.1,47),(120,66,87,3.7,48),(120,68,83,3.3,49),(121,64,93,4.3,47),(121,66,60,1.0,48),(121,68,78,2.8,49),(122,64,74,2.4,47),(122,66,85,3.5,48),(122,68,57,0.0,49),(123,64,63,1.3,47),(123,66,92,4.2,48),(123,68,83,3.3,49),(124,64,79,2.9,47),(124,66,95,4.5,48),(124,68,89,3.9,49),(125,64,77,2.7,47),(125,66,59,0.0,48),(125,68,72,2.2,49);

/*Table structure for table `st_grade_tea` */

DROP TABLE IF EXISTS `st_grade_tea`;

CREATE TABLE `st_grade_tea` (
  `id` bigint NOT NULL AUTO_INCREMENT COMMENT '主键',
  `tea_id` bigint NOT NULL DEFAULT '0' COMMENT '教师id',
  `cou_id` bigint NOT NULL DEFAULT '0' COMMENT '课程id',
  `class_room_id` bigint NOT NULL DEFAULT '0' COMMENT '课堂id',
  PRIMARY KEY (`id`)
) ENGINE=InnoDB AUTO_INCREMENT=673 DEFAULT CHARSET=utf8mb4 COLLATE=utf8mb4_0900_ai_ci;

/*Data for the table `st_grade_tea` */

insert  into `st_grade_tea`(`id`,`tea_id`,`cou_id`,`class_room_id`) values (55,40,30,0),(56,40,31,0),(57,40,36,0),(58,40,37,0),(59,40,30,19),(60,40,31,20),(61,40,36,21),(62,40,37,22),(63,41,32,0),(64,41,33,0),(65,41,32,23),(66,41,33,24),(67,42,39,0),(68,42,40,0),(69,42,41,0),(70,42,42,0),(71,42,39,25),(72,42,40,26),(73,42,41,27),(74,42,42,28),(75,43,29,0),(76,43,29,29),(77,44,34,0),(78,44,34,30),(79,45,35,0),(80,45,35,31),(81,46,38,0),(82,46,38,32),(83,47,22,0),(84,47,23,0),(85,47,22,33),(86,47,23,34),(87,48,8,0),(88,48,8,35),(89,49,25,0),(90,49,25,36),(91,50,26,0),(92,50,26,37),(93,51,21,0),(94,51,21,38),(95,52,43,0),(96,52,43,39),(97,53,7,0),(98,53,7,40),(99,54,24,0),(100,54,24,41),(101,55,27,0),(102,55,27,42),(103,56,14,0),(104,56,14,43),(105,57,18,0),(106,57,18,44),(107,58,6,0),(108,58,6,45),(109,59,44,0),(110,59,44,46),(111,60,45,0),(112,60,45,47),(113,61,46,0),(114,61,46,48),(115,48,8,49),(116,49,25,50),(117,50,26,51),(118,51,21,52),(119,52,43,53),(120,53,7,54),(121,54,24,55),(122,55,27,56),(123,56,14,57),(124,57,18,58),(125,58,6,59),(126,59,44,60),(127,60,45,61),(128,61,46,62),(129,54,47,0),(130,54,47,63),(131,54,47,64),(132,48,48,0),(133,48,48,65),(134,48,48,66),(135,55,49,0),(136,55,49,67),(137,55,49,68),(612,53,7,69),(613,53,7,0),(614,51,21,70),(615,51,21,0),(616,47,22,71),(617,47,22,0),(618,42,41,72),(619,42,41,0),(620,40,36,73),(621,40,36,0),(622,54,24,74),(623,54,24,0),(624,44,34,76),(625,44,34,0),(626,40,30,77),(627,40,30,0),(628,52,43,79),(629,52,43,0),(630,46,38,80),(631,46,38,0),(632,42,42,81),(633,42,42,0),(634,45,35,84),(635,45,35,0),(636,58,6,85),(637,58,6,0),(638,49,25,87),(639,49,25,0),(640,47,23,89),(641,47,23,0),(642,56,14,91),(643,56,14,0),(644,42,39,93),(645,42,39,0),(646,40,37,94),(647,40,37,0),(648,40,31,95),(649,40,31,0),(650,55,27,97),(651,55,27,0),(652,61,46,100),(653,61,46,0),(654,41,32,102),(655,41,32,0),(656,50,26,105),(657,50,26,0),(658,42,40,119),(659,42,40,0),(660,43,29,132),(661,43,29,0),(662,48,8,153),(663,48,8,0),(664,55,49,174),(665,55,49,0),(666,54,47,175),(667,54,47,0),(668,48,48,176),(669,48,48,0),(670,61,46,232),(671,61,50,0),(672,61,50,233);

/*Table structure for table `st_major` */

DROP TABLE IF EXISTS `st_major`;

CREATE TABLE `st_major` (
  `id` bigint NOT NULL AUTO_INCREMENT COMMENT '主键',
  `name` varchar(50) NOT NULL COMMENT '专业名称',
  PRIMARY KEY (`id`)
) ENGINE=InnoDB AUTO_INCREMENT=15 DEFAULT CHARSET=utf8mb4 COLLATE=utf8mb4_0900_ai_ci;

/*Data for the table `st_major` */

insert  into `st_major`(`id`,`name`) values (1,'计算机科学与技术'),(2,'软件工程'),(3,'人工智能'),(4,'大数据'),(5,'通识教育');

/*Table structure for table `st_re_grade_stu` */

DROP TABLE IF EXISTS `st_re_grade_stu`;

CREATE TABLE `st_re_grade_stu` (
  `stu_id` bigint NOT NULL COMMENT '学生id',
  `room_id` bigint NOT NULL COMMENT '课堂id',
  `grade` smallint DEFAULT '0' COMMENT '成绩',
  `point` double(2,1) DEFAULT '0.0' COMMENT '绩点',
  `cou_id` bigint DEFAULT NULL COMMENT '课程id',
  PRIMARY KEY (`stu_id`,`room_id`)
) ENGINE=InnoDB DEFAULT CHARSET=utf8mb4 COLLATE=utf8mb4_0900_ai_ci;

/*Data for the table `st_re_grade_stu` */

insert  into `st_re_grade_stu`(`stu_id`,`room_id`,`grade`,`point`,`cou_id`) values (67,69,82,3.2,7),(67,76,84,3.4,34),(69,70,78,2.8,21),(69,95,82,3.2,31),(70,97,85,3.5,27),(70,100,90,4.0,46),(71,174,79,2.9,49),(72,77,83,3.3,30),(72,175,83,3.3,47),(73,70,84,3.4,21),(73,84,85,3.5,35),(73,176,91,4.1,48),(74,105,87,3.7,26),(75,73,88,3.8,36),(75,81,80,3.0,42),(76,102,82,3.2,32),(77,84,78,2.8,35),(77,100,80,3.0,46),(78,87,85,3.5,25),(79,85,79,2.9,6),(80,85,89,3.9,6),(80,97,86,3.6,27),(80,175,85,3.5,47),(81,84,80,3.0,35),(81,93,82,3.2,39),(81,94,81,3.1,37),(81,95,91,4.1,31),(82,91,82,3.2,14),(83,72,87,3.7,41),(83,74,89,3.9,24),(83,89,88,3.8,23),(84,87,89,3.9,25),(85,72,86,3.6,41),(85,85,86,3.6,6),(86,79,91,4.1,43),(86,84,80,3.0,35),(87,73,87,3.7,36),(87,81,85,3.5,42),(88,79,78,2.8,43),(88,80,82,3.2,38),(89,74,81,3.1,24),(90,76,78,2.8,34),(90,77,91,4.1,30),(91,72,80,3.0,41),(91,174,78,2.8,49),(94,74,82,3.2,24),(95,69,87,3.7,7),(95,70,91,4.1,21),(95,71,90,4.0,22),(95,72,81,3.1,41),(95,73,82,3.2,36),(96,95,88,3.8,31),(98,76,84,3.4,34),(98,77,82,3.2,30),(99,100,87,3.7,46),(100,77,91,4.1,30),(100,153,85,3.5,8),(101,175,81,3.1,47),(102,74,83,3.3,24),(102,100,82,3.2,46),(102,119,89,3.9,40),(103,73,79,2.9,36),(103,95,86,3.6,31),(104,95,85,3.5,31),(104,100,83,3.3,46),(105,87,82,3.2,25),(105,100,86,3.6,46),(105,105,81,3.1,26),(106,81,78,2.8,42),(107,69,85,3.5,7),(107,87,89,3.9,25),(107,100,91,4.1,46),(107,175,78,2.8,47),(108,69,86,3.6,7),(108,77,86,3.6,30),(109,89,80,3.0,23),(109,94,80,3.0,37),(109,105,80,3.0,26),(110,77,78,2.8,30),(110,89,91,4.1,23),(110,95,79,2.9,31),(110,100,79,2.9,46),(111,91,90,4.0,14),(112,80,79,2.9,38),(112,81,83,3.3,42),(112,91,84,3.4,14),(112,175,90,4.0,47),(113,81,85,3.5,42),(113,94,80,3.0,37),(113,132,80,3.0,29),(114,77,84,3.4,30),(114,87,89,3.9,25),(115,71,83,3.3,22),(115,91,83,3.3,14),(115,94,87,3.7,37),(116,71,84,3.4,22),(116,85,82,3.2,6),(116,94,81,3.1,37),(116,102,91,4.1,32),(116,132,82,3.2,29),(116,175,82,3.2,47),(117,175,82,3.2,47),(118,174,86,3.6,49),(119,89,87,3.7,23),(119,174,91,4.1,49),(120,69,85,3.5,7),(121,89,81,3.1,23),(122,89,89,3.9,23),(122,102,78,2.8,32),(122,174,86,3.6,49),(123,80,80,3.0,38),(123,84,81,3.1,35),(123,153,78,2.8,8),(124,74,84,3.4,24),(124,80,87,3.7,38),(125,71,88,3.8,22),(125,72,80,3.0,41),(125,76,87,3.7,34),(125,176,91,4.1,48);

/*Table structure for table `st_review_grade` */

DROP TABLE IF EXISTS `st_review_grade`;

CREATE TABLE `st_review_grade` (
  `id` int NOT NULL AUTO_INCREMENT COMMENT '主键',
  `stu_id` varchar(50) DEFAULT NULL COMMENT '学生学号',
  `tea_id` varchar(50) DEFAULT NULL COMMENT '教师编号',
  `room_id` bigint DEFAULT NULL COMMENT '课堂id',
  `state` varchar(50) DEFAULT NULL COMMENT '(0:学生申请，1：教师审核，2：管理员审核)',
  `stu_desc` varchar(100) DEFAULT NULL COMMENT '学生意见',
  `tea_desc` varchar(100) DEFAULT NULL COMMENT '教师意见',
  `admin_desc` varchar(100) DEFAULT NULL COMMENT '管理员意见',
  `exam_pic` varchar(255) DEFAULT NULL COMMENT '试卷图片，名称以'',''隔开',
  `stu_date` varchar(100) DEFAULT NULL COMMENT '创建时间',
  `tea_date` varchar(100) DEFAULT NULL COMMENT '教师审批时间',
  `admin_date` varchar(100) DEFAULT NULL COMMENT '管理员审批时间',
  `old_grade` int DEFAULT NULL COMMENT '旧成绩',
  `new_grade` int DEFAULT NULL COMMENT '新成绩',
  PRIMARY KEY (`id`)
) ENGINE=InnoDB AUTO_INCREMENT=28 DEFAULT CHARSET=utf8mb4 COLLATE=utf8mb4_0900_ai_ci;

/*Data for the table `st_review_grade` */

insert  into `st_review_grade`(`id`,`stu_id`,`tea_id`,`room_id`,`state`,`stu_desc`,`tea_desc`,`admin_desc`,`exam_pic`,`stu_date`,`tea_date`,`admin_date`,`old_grade`,`new_grade`) values (27,'311909020308','63513',47,'学生申请完毕,教师审核通过,管理员审核通过,','请老师仔细查看','成绩确实存在问题，我已提交至系统','同意变更','2a2f8190-0521-424a-82fb-f24e78f82ca8-27-1.jfif,6712a9a4-1b5d-481d-ab5d-55d60f4e3af8-27-2.jfif,e13b46c2-2430-4c8a-85f5-52694a0021d7-27-3.jfif','2023-05-10 11:38:11','2023-05-10 11:39:09','2023-05-10 11:40:19',93,97);

/*Table structure for table `st_role` */

DROP TABLE IF EXISTS `st_role`;

CREATE TABLE `st_role` (
  `id` bigint NOT NULL AUTO_INCREMENT COMMENT '主键',
  `role` varchar(50) NOT NULL COMMENT '角色名称',
  PRIMARY KEY (`id`)
) ENGINE=InnoDB AUTO_INCREMENT=4 DEFAULT CHARSET=utf8mb4 COLLATE=utf8mb4_0900_ai_ci;

/*Data for the table `st_role` */

insert  into `st_role`(`id`,`role`) values (1,'student'),(2,'teacher'),(3,'admin');

/*Table structure for table `st_user` */

DROP TABLE IF EXISTS `st_user`;

CREATE TABLE `st_user` (
  `id` bigint NOT NULL AUTO_INCREMENT COMMENT '主键',
  `username` varchar(50) CHARACTER SET utf8mb4 COLLATE utf8mb4_0900_ai_ci DEFAULT NULL COMMENT '学号',
  `real_name` varchar(50) CHARACTER SET utf8mb4 COLLATE utf8mb4_0900_ai_ci DEFAULT NULL COMMENT '姓名',
  `password` varchar(100) CHARACTER SET utf8mb4 COLLATE utf8mb4_0900_ai_ci DEFAULT NULL COMMENT '密码',
  `salt` varchar(50) CHARACTER SET utf8mb4 COLLATE utf8mb4_0900_ai_ci DEFAULT NULL COMMENT '盐',
  `email` varchar(100) CHARACTER SET utf8mb4 COLLATE utf8mb4_0900_ai_ci DEFAULT NULL COMMENT '邮箱',
  `phone_num` varchar(50) CHARACTER SET utf8mb4 COLLATE utf8mb4_0900_ai_ci DEFAULT NULL COMMENT '手机号',
  `role_id` bigint DEFAULT '0' COMMENT '角色id',
  `dorm_id` bigint DEFAULT '0' COMMENT '宿舍id',
  `avatar` varchar(100) CHARACTER SET utf8mb4 COLLATE utf8mb4_0900_ai_ci DEFAULT 'userImg.png' COMMENT '头像',
  `sex` varchar(10) CHARACTER SET utf8mb4 COLLATE utf8mb4_0900_ai_ci DEFAULT '待完善' COMMENT '性别',
  `age` varchar(11) CHARACTER SET utf8mb4 COLLATE utf8mb4_0900_ai_ci DEFAULT '待完善' COMMENT '年龄',
  `stu_day` varchar(20) CHARACTER SET utf8mb4 COLLATE utf8mb4_0900_ai_ci DEFAULT '待完善' COMMENT '入学日期',
  `id_card` varchar(50) CHARACTER SET utf8mb4 COLLATE utf8mb4_0900_ai_ci DEFAULT '待完善' COMMENT '身份证号',
  `major_class_id` bigint DEFAULT '0' COMMENT '专业班级id',
  `major_id` bigint DEFAULT '0' COMMENT '所在专业id',
  PRIMARY KEY (`id`),
  UNIQUE KEY `real_name` (`real_name`),
  KEY `age` (`age`)
) ENGINE=InnoDB AUTO_INCREMENT=126 DEFAULT CHARSET=utf8mb4 COLLATE=utf8mb4_0900_ai_ci;

/*Data for the table `st_user` */

insert  into `st_user`(`id`,`username`,`real_name`,`password`,`salt`,`email`,`phone_num`,`role_id`,`dorm_id`,`avatar`,`sex`,`age`,`stu_day`,`id_card`,`major_class_id`,`major_id`) values (14,'111909010418','廖114','54c1db72d936204149a6e799d1ba46af','pewjm','3234111438@qq.com','15834567890',3,0,'userImg.png','待完善','待完善','待完善','待完善',0,0),(40,'2314545','王高','2462f31840b7b0bb9578ec60a3d7723e','y8jv3','3234501437@qq.com','15838929021',2,0,'userImg.png','男','待完善','待完善','411528189202170030',0,0),(41,'58046','远王天','daed7d479491e49dd3cbdba2508b92d5','et256','3223686775@qq.com','15899838086',2,0,'userImg.png','女','待完善','待完善','210036375611120717',0,0),(42,'03675','伟伟','d86069cc39500b67cccd15d57d6fa13e','yzaa8','3223430526@qq.com','15825072573',2,0,'userImg.png','男','待完善','待完善','537493215495721400',0,0),(43,'36327','思远','ab7dbfd74cbeee432d278d7932742d81','mx560','3223910553@qq.com','15822154682',2,0,'userImg.png','女','待完善','待完善','730133787616307800',0,0),(44,'33830','京斯京','c0717bd36b69801bfe237b96c385163a','8ifk0','3223059156@qq.com','15871002370',2,0,'userImg.png','女','待完善','待完善','814321054129864619',0,0),(45,'01347','伟天','a57e3241e02ff9217fb16fec6f91d82f','dd2pt','3223378902@qq.com','15897385774',2,0,'userImg.png','男','待完善','待完善','627271896993603608',0,0),(46,'29325','天明飞','e0a812465f3d86958880a5a206fdae99','pmywv','3223331474@qq.com','15848265424',2,0,'userImg.png','女','待完善','待完善','506095761591892461',0,0),(47,'86936','明明','b4cf89a8b24c3e5683aa6a93e30040b4','n33ar','3223988807@qq.com','15810269567',2,0,'userImg.png','女','待完善','待完善','337227487405825100',0,0),(48,'12214','飞飞国','751d044a7efba91eba30d0ecb7d24054','2eox3','3223921929@qq.com','15808638004',2,0,'userImg.png','女','待完善','待完善','956175137222469594',0,0),(49,'32968','伟伟京','2367833e061c2936995393abfbcf7507','jsgq3','3223628371@qq.com','15874956094',2,0,'userImg.png','男','待完善','待完善','932480379237623166',0,0),(50,'26377','天廖高','81a2eba961340c8cb5cb7b4e281e717c','efgbm','3223356418@qq.com','15866932615',2,0,'userImg.png','女','待完善','待完善','575858807103797001',0,0),(51,'43607','明国','3ffb737bab95871859ef4b15d50ac730','mu819','3223246956@qq.com','15801498754',2,0,'userImg.png','女','待完善','待完善','766422651065685188',0,0),(52,'91316','高飞','603199ef089d131c860faeb17730b364','3tkw1','3223670834@qq.com','15809921475',2,0,'userImg.png','女','待完善','待完善','831274884825903961',0,0),(53,'72379','高伟','7962087a41d98b141181a49a63a7e9d0','d4z97','3223241867@qq.com','15841495954',2,0,'userImg.png','男','待完善','待完善','343747432419089469',0,0),(54,'38705','高斯高','0a225bf48efb57d533344272c8b35bbd','b0tjs','3223708219@qq.com','15803279201',2,0,'userImg.png','男','待完善','待完善','825297101206455667',0,0),(55,'84126','斯王高','8b948bfeb7c9c49e7b362a4c701845a1','kyvfj','3223012341@qq.com','15842959197',2,0,'userImg.png','女','待完善','待完善','217854506526895879',0,0),(56,'36513','飞高天','42ec5121f1f2b2831c5f2d1b8c5e2ba2','7d8j9','3223456644@qq.com','15874727375',2,0,'userImg.png','女','待完善','待完善','698186692402148256',0,0),(57,'65826','天远','2e22161ba6eca62fd206d1d636c73c77','m1pek','3223377428@qq.com','15831544359',2,0,'userImg.png','男','待完善','待完善','722236594807562129',0,0),(58,'47109','远天斯','370cf8d3aea5c2fd21d08207036300b5','297b6','3223461939@qq.com','15804743309',2,0,'userImg.png','女','待完善','待完善','376462734369578255',0,0),(59,'50194','高李王','3c9f4694a816640af76dd47947ede2f6','foodo','3223722278@qq.com','15868730121',2,0,'userImg.png','女','待完善','待完善','049903636237010188',0,0),(60,'63513','王思','d538d4e012e478b3decec39a4cbd8b84','2uv5p','3223933850@qq.com','15881990239',2,0,'userImg.png','男','待完善','待完善','950681293247314833',0,0),(61,'1605345','天斯天','798c9e6d319270f7c9a03c71451ff586','56flq','3223637249@qq.com','15822032754',2,0,'userImg.png','男','待完善','待完善','143172075648333388',0,0),(62,'0884034','高思高','4ed4bcff0ae9e8badf511f8f3f912fe6','e5r1w','3223242010@qq.com','15890323174',2,0,'userImg.png','男','待完善','待完善','184552315581067891',0,0),(63,'3485555','京王李','a5f958c07840b58252a82a07132c9e81','2mor8','3223785125@qq.com','15857215771',2,0,'userImg.png','男','待完善','待完善','443858549265716058',0,0),(64,'3903902','国国','ed87d50c4cdcb61b71f7b4705275c4a9','87fts','3223070816@qq.com','15895504310',2,0,'userImg.png','男','待完善','待完善','412183736424889921',0,0),(65,'4085649','远高王','e271352d9f70e932a8afb1ef4a65cdc3','99n0h','3223312790@qq.com','15897434451',2,0,'userImg.png','男','待完善','待完善','088085530804265678',0,0),(67,'311909020308','李之林','2efd9da5996c8855f9965f3608339743','1ygrf','3200501436@qq.com','15838923451',1,5,'f7ae9595-2314-496e-8af0-f30767230c7a-311909020411-OIP.jpg','男','20','2019-09-01','411528200235267723',1,2),(68,'311909203309','舒凯琪','0e9a1266c0b82c3a7d44dd51c5fff7fd','ttp70','3235476076@qq.com','15830323339',1,2,'userImg.png','男','20','2019-09-01','411528200165324340',1,2),(69,'311909203311','睿明','f0fd0055f931934d5752192b264ed091','1se1n','3235297784@qq.com','15848515656',1,1,'userImg.png','男','20','2019-09-01','411528200181050725',1,2),(70,'311909203312','鹏伟李','4b51c534b3950b52b35aa3c282069371','7ghhl','3235061771@qq.com','15878414378',1,7,'userImg.png','男','20','2019-09-01','411528200130389905',1,2),(71,'311909203313','徐李','4b2c30dd3398fa817916ce7c515ec38f','i1dwb','3235439033@qq.com','15853456897',1,5,'userImg.png','男','20','2019-09-01','411528200135929213',1,2),(72,'311909203314','杨浩','36e2e2a55e1c77fbf681f6f26ba882ff','5isv0','3235285637@qq.com','15863602853',1,8,'userImg.png','男','20','2019-09-01','411528200196203472',1,2),(73,'311909203315','明舒','6ed580df3ae284ddbc2a610d537675b1','dudww','3235024714@qq.com','15845178233',1,1,'userImg.png','男','20','2019-09-01','411528200146283248',1,2),(74,'311909203316','鹏京','55b0e13e95c5f407c2f4a947fe7e0dbd','xdmyz','3235417981@qq.com','15804295347',1,8,'userImg.png','男','20','2019-09-01','411528200143203694',1,2),(75,'311909203317','舒航明','52339f0b4f726e849eadf8625e78a2a3','pkeo4','3235367920@qq.com','15895238299',1,1,'userImg.png','男','20','2019-09-01','411528200198079980',1,2),(76,'311909203318','京叶','2451db4497720962008f478140d0afc5','uxovk','3235373293@qq.com','15857062717',1,5,'userImg.png','男','20','2019-09-01','411528200185516868',1,2),(77,'311909203319','舒鑫','5e8292bdaf7a8fb2110d202c54003ae4','zdwqq','3235310806@qq.com','15881107694',1,1,'userImg.png','男','20','2019-09-01','411528200168669878',1,2),(78,'311909203320','鑫河','ce6e4de62bc14251ed0b43a0c64d6645','h7szi','3235527176@qq.com','15878425609',1,5,'userImg.png','男','20','2019-09-01','411528200199084822',1,2),(79,'311909203321','睿斯斯','3f092688f36ac88840bf498d3360d1cd','e29pi','3235455402@qq.com','15808237343',1,5,'userImg.png','男','20','2019-09-01','411528200128642915',1,2),(80,'311909203322','河思杨','12e3d2e62441d8912de57548addc46ca','0dflh','3235955100@qq.com','15836088326',1,8,'userImg.png','男','20','2019-09-01','411528200104125364',1,2),(81,'311909203323','思李琪','da0875994dcd892ef806e6f2a2e49ef5','4hwha','3235052975@qq.com','15878248316',1,4,'userImg.png','男','20','2019-09-01','411528200112552380',1,2),(82,'311909203324','舒鹏鑫','34bb13deb2a09f328b4dc5880d7fb392','jk8ke','3235462739@qq.com','15800799850',1,4,'userImg.png','男','20','2019-09-01','411528200189868064',1,2),(83,'311909203325','苏明浩','074ccaf71ac4be05962163eed382154e','psza1','3235685282@qq.com','15868968935',1,5,'userImg.png','男','20','2019-09-01','411528200153749530',1,2),(84,'311909203326','舒李','14af57e746c82757ae9d20584d19ef92','1krzw','3235112983@qq.com','15885399825',1,7,'userImg.png','男','20','2019-09-01','411528200115970090',1,2),(85,'311909203327','鑫睿','cfdbd8106b7cde6af5b213c27841c4b2','76uy5','3235450052@qq.com','15851394701',1,4,'userImg.png','男','20','2019-09-01','411528200134939888',1,2),(86,'311909203328','叶叶','5e8ca1dd7671585132b133c75ddc3249','hyajh','3235410021@qq.com','15833932764',1,8,'userImg.png','男','20','2019-09-01','411528200164432721',1,2),(87,'311909203329','赵赵杨','b198772829269e1e78798ab36708d665','myhxk','3235681077@qq.com','15847517557',1,2,'userImg.png','男','20','2019-09-01','411528200106205148',1,2),(88,'311909203330','舒琪','1658fd61b8d3cf5ec9fc78288f4ee0d6','3pp46','3235957713@qq.com','15889214699',1,4,'userImg.png','男','20','2019-09-01','411528200191863252',1,2),(89,'311909203403','赵明河','b4b169a8ba873915e28ad31eac81aeb3','h9o7t','3235661156@qq.com','15853312085',1,5,'userImg.png','男','20','2019-09-01','411528200125341652',1,2),(90,'311909203404','舒斯斯','108b419dbf31d640c03dbc76dfe868af','0vko8','3235407726@qq.com','15876093188',1,5,'userImg.png','男','20','2019-09-01','411528200170979378',1,2),(91,'311909203405','凯徐鑫','3eabfe96e35dd581688dca89926c0e9d','i0bed','3235884830@qq.com','15807732911',1,3,'userImg.png','男','20','2019-09-01','411528200102821925',1,2),(92,'311909203406','叶航鹏','1ec2db28a4ff7dbf512d41766fe22f46','4z1p1','3235228482@qq.com','15816540691',1,1,'userImg.png','男','20','2019-09-01','411528200105858751',1,2),(93,'311909203407','鑫航舒','8c46544ffcb52fc061b0489ab708b9e1','rfyp5','3235390153@qq.com','15858231231',1,2,'userImg.png','男','20','2019-09-01','411528200185722474',1,2),(94,'311909203408','思叶','9232c23c2b8df7c5a8a32908885d91c4','2d5yr','3235561112@qq.com','15890888208',1,8,'userImg.png','男','20','2019-09-01','411528200172110467',1,2),(95,'311909203409','琪舒苏','c8dd7c36bfb69f37816a528f8db1cc7c','aw76h','3235210659@qq.com','15823519911',1,8,'userImg.png','男','20','2019-09-01','411528200104804659',1,2),(96,'311909203402','苏鹏','56dae5cfddcfd47a795fcf11b55a69bd','u7818','3235860208@qq.com','15850990607',1,3,'userImg.png','男','20','2019-09-01','411528200114773111',2,2),(97,'311909203411','斯睿叶','6726fa22822ce71809493a9e5405e7db','j1a3e','3235366984@qq.com','15876548366',1,5,'userImg.png','男','20','2019-09-01','411528200199044643',2,2),(98,'311909203412','凯凯航','36262c4a9ec839afca61f010eef7cb1e','hzvpc','3235482630@qq.com','15882064756',1,2,'userImg.png','男','20','2019-09-01','411528200155372717',2,2),(99,'311909203413','浩思','d63dc32e878c51d497b411841285fabb','alp4k','3235263680@qq.com','15803956773',1,4,'userImg.png','男','20','2019-09-01','411528200140729830',2,2),(100,'311909203414','鑫思','4f15a46e300b0c302e238bda8d578e0d','9spa3','3235725345@qq.com','15884842034',1,2,'userImg.png','男','20','2019-09-01','411528200139914028',2,2),(101,'311909203415','杨赵杨','1ed29bb0a0fdcf49d2340f5c4f4d146a','ot89f','3235759889@qq.com','15828666045',1,7,'userImg.png','男','20','2019-09-01','411528200124231929',2,2),(102,'311909203416','凯杨','f772e4d187ac7058a4ec6525e72b70b1','b4mqs','3235991562@qq.com','15898269519',1,8,'userImg.png','男','20','2019-09-01','411528200186131167',2,2),(103,'311909203417','舒睿航','57255afe40fd14f3930f6e0047d266cc','7ro34','3235753757@qq.com','15886895570',1,1,'userImg.png','男','20','2019-09-01','411528200145069756',2,2),(104,'311909203418','睿航鹏','c99d14d723578a65f72035603a9fa94d','vgz34','3235543712@qq.com','15856433417',1,7,'userImg.png','男','20','2019-09-01','411528200128504179',2,2),(105,'311909203419','徐伟鑫','14f090a61b67a461a6c318112b265e3a','li67p','3235667038@qq.com','15870210948',1,5,'userImg.png','男','20','2019-09-01','411528200145013686',2,2),(106,'311909203420','伟河赵','83a6c52ac9f1615e5da825efe4e96923','y2knp','3235725932@qq.com','15811807106',1,4,'userImg.png','男','20','2019-09-01','411528200180483536',2,2),(107,'311909203421','鑫苏','913163356486dbe35fb8857b040b9a30','kyqf0','3235454370@qq.com','15808423392',1,8,'userImg.png','男','20','2019-09-01','411528200125039798',2,2),(108,'311909203422','河李鹏','613079b5f3f5f35a83600d18488f3f25','p21sc','3235374065@qq.com','15819896666',1,3,'userImg.png','男','20','2019-09-01','411528200134377467',2,2),(109,'311909203423','舒鑫琪','4139b870a99166435c5f715015883168','1itre','3235677981@qq.com','15865269874',1,3,'userImg.png','男','20','2019-09-01','411528200136614345',2,2),(110,'311909203424','京鹏','c6bddaa0a32af5cdfea0c73b6c5bee75','072hv','3235209589@qq.com','15866321451',1,7,'userImg.png','男','20','2019-09-01','411528200192904106',2,2),(111,'311909203425','徐睿','74eb31c4d6ad919b8b6ddde1761576ea','qu2yo','3235381966@qq.com','15843006898',1,4,'userImg.png','男','20','2019-09-01','411528200196546156',2,2),(112,'311909203426','赵苏','dd93b9fc86a97af65fe57449154a5764','928df','3235421608@qq.com','15883688434',1,8,'userImg.png','男','20','2019-09-01','411528200157838592',2,2),(113,'311909203427','鑫伟杨','2e6e68f738a34d88efeb14a55a589608','96mai','3235433413@qq.com','15874997578',1,1,'userImg.png','男','20','2019-09-01','411528200194811658',2,2),(114,'311909203428','浩徐鹏','1668f123a0d8942f755e77700316c298','i6bmt','3235347218@qq.com','15843510663',1,2,'userImg.png','男','20','2019-09-01','411528200180898550',2,2),(115,'311909203429','凯琪杨','5e500b4b380c75b74e1bd140c51d47be','0mo24','3235792432@qq.com','15832559836',1,4,'userImg.png','男','20','2019-09-01','411528200143823946',2,2),(116,'311909203430','明赵','65ad7da695c91467612c96b0faff80dd','9dhtg','3235053260@qq.com','15828665888',1,4,'userImg.png','男','20','2019-09-01','411528200178977218',2,2),(117,'311909203431','浩琪京','910bd3e2b107590c4904f9db8924bc2a','uxiqa','3235663638@qq.com','15889452459',1,4,'userImg.png','男','20','2019-09-01','411528200140401790',2,2),(118,'311909203432','睿伟','af46a4a75a139c1d2754f625f67c3b1d','xtlw0','3235747523@qq.com','15885202179',1,2,'userImg.png','男','20','2019-09-01','411528200140786571',2,2),(119,'311909203433','琪京','5beca15255fb91a385866abcd785bd4f','p79ls','3235920953@qq.com','15836157762',1,8,'userImg.png','男','20','2019-09-01','411528200183679553',2,2),(120,'311909203434','鹏赵','c893d6926328842456af7926302820f7','0smfx','3235973204@qq.com','15862416808',1,3,'userImg.png','男','20','2019-09-01','411528200132511996',2,2),(121,'311909203435','徐舒','5a7794d94647b83247db425e8ace03e0','7byfl','3235093639@qq.com','15822832465',1,3,'userImg.png','男','20','2019-09-01','411528200100319369',2,2),(122,'311909203436','睿苏','dfd1c67307cfacef447acf32030c2923','8hfji','3235917271@qq.com','15888376243',1,2,'userImg.png','男','20','2019-09-01','411528200103512173',2,2),(123,'311909203437','斯赵','2fcc1f6a575de133618b173bc6d2b780','nehff','3235189940@qq.com','15808775626',1,5,'userImg.png','男','20','2019-09-01','411528200143824416',2,2),(124,'311909203438','叶航苏','fc968e4c5e187d2aa4865c2baafe2af7','uy7ie','3235439382@qq.com','15845029778',1,4,'userImg.png','男','20','2019-09-01','411528200104869255',2,2),(125,'311909203439','航京','3d587ff146fb31a747f5d6f9092008d7','vi3e9','3235188520@qq.com','15899628216',1,7,'userImg.png','男','20','2019-09-01','411528200184442590',2,2);

/*Table structure for table `test` */

DROP TABLE IF EXISTS `test`;

CREATE TABLE `test` (
  `id` bigint NOT NULL AUTO_INCREMENT,
  `name` varchar(20) NOT NULL,
  PRIMARY KEY (`id`)
) ENGINE=InnoDB AUTO_INCREMENT=7 DEFAULT CHARSET=utf8mb4 COLLATE=utf8mb4_0900_ai_ci;

/*Data for the table `test` */

insert  into `test`(`id`,`name`) values (1,'2018,一'),(2,'2018,二'),(3,'2017,二'),(4,'2017,一'),(5,'2019,二'),(6,'2016,一');

/*Table structure for table `grade` */

DROP TABLE IF EXISTS `grade`;

/*!50001 DROP VIEW IF EXISTS `grade` */;
/*!50001 DROP TABLE IF EXISTS `grade` */;

/*!50001 CREATE TABLE  `grade`(
 `stu_id` bigint ,
 `real_name` varchar(50) ,
 `stu_day` varchar(20) ,
 `username` varchar(50) ,
 `cou_grade` double ,
 `cou_type` tinyint ,
 `grade` int ,
 `point` double(2,1) ,
 `major_name` varchar(50) ,
 `cou_name` varchar(20) ,
 `major_id` bigint ,
 `stu_year` varchar(50) ,
 `cou_id` bigint ,
 `ranking` bigint unsigned 
)*/;

/*Table structure for table `stu_avg_point` */

DROP TABLE IF EXISTS `stu_avg_point`;

/*!50001 DROP VIEW IF EXISTS `stu_avg_point` */;
/*!50001 DROP TABLE IF EXISTS `stu_avg_point` */;

/*!50001 CREATE TABLE  `stu_avg_point`(
 `stu_id` bigint ,
 `stu_day` varchar(20) ,
 `username` varchar(50) ,
 `real_name` varchar(50) ,
 `major_name` varchar(50) ,
 `avg_gpa` double ,
 `ranking` bigint unsigned 
)*/;

/*Table structure for table `stu_grade` */

DROP TABLE IF EXISTS `stu_grade`;

/*!50001 DROP VIEW IF EXISTS `stu_grade` */;
/*!50001 DROP TABLE IF EXISTS `stu_grade` */;

/*!50001 CREATE TABLE  `stu_grade`(
 `stu_id` bigint ,
 `room_id` bigint ,
 `grade` int ,
 `POINT` double(22,1) 
)*/;

/*Table structure for table `stu_point` */

DROP TABLE IF EXISTS `stu_point`;

/*!50001 DROP VIEW IF EXISTS `stu_point` */;
/*!50001 DROP TABLE IF EXISTS `stu_point` */;

/*!50001 CREATE TABLE  `stu_point`(
 `stu_id` bigint ,
 `stu_day` varchar(20) ,
 `username` varchar(50) ,
 `major_name` varchar(50) ,
 `real_name` varchar(50) ,
 `stu_year` varchar(50) ,
 `avg_gpa` double ,
 `ranking` bigint unsigned 
)*/;

/*View structure for view grade */

/*!50001 DROP TABLE IF EXISTS `grade` */;
/*!50001 DROP VIEW IF EXISTS `grade` */;

/*!50001 CREATE ALGORITHM=UNDEFINED DEFINER=`root`@`localhost` SQL SECURITY DEFINER VIEW `grade` AS select `s`.`stu_id` AS `stu_id`,`u`.`real_name` AS `real_name`,`u`.`stu_day` AS `stu_day`,`u`.`username` AS `username`,`c`.`cou_grade` AS `cou_grade`,`c`.`cou_type` AS `cou_type`,`s`.`grade` AS `grade`,`s`.`POINT` AS `point`,`m`.`name` AS `major_name`,`c`.`cou_name` AS `cou_name`,`r`.`major_id` AS `major_id`,`r`.`stu_year` AS `stu_year`,`t`.`cou_id` AS `cou_id`,rank() OVER (PARTITION BY `r`.`major_id`,`t`.`cou_id`,`r`.`stu_year`,`u`.`stu_day` ORDER BY `s`.`grade` desc )  AS `ranking` from (((((`stu_grade` `s` left join `st_user` `u` on((`s`.`stu_id` = `u`.`id`))) left join `st_class_room` `r` on((`s`.`room_id` = `r`.`id`))) left join `st_grade_tea` `t` on((`s`.`room_id` = `t`.`class_room_id`))) left join `st_major` `m` on((`u`.`major_id` = `m`.`id`))) left join `st_course` `c` on((`t`.`cou_id` = `c`.`id`))) group by `r`.`major_id`,`t`.`cou_id`,`r`.`stu_year`,`s`.`stu_id` */;

/*View structure for view stu_avg_point */

/*!50001 DROP TABLE IF EXISTS `stu_avg_point` */;
/*!50001 DROP VIEW IF EXISTS `stu_avg_point` */;

/*!50001 CREATE ALGORITHM=UNDEFINED DEFINER=`root`@`localhost` SQL SECURITY DEFINER VIEW `stu_avg_point` AS select `grade`.`stu_id` AS `stu_id`,`grade`.`stu_day` AS `stu_day`,`grade`.`username` AS `username`,`grade`.`real_name` AS `real_name`,`grade`.`major_name` AS `major_name`,round((sum((`grade`.`cou_grade` * `grade`.`point`)) / sum(`grade`.`cou_grade`)),1) AS `avg_gpa`,rank() OVER (PARTITION BY `grade`.`major_name`,`grade`.`stu_day` ORDER BY round((sum((`grade`.`cou_grade` * `grade`.`point`)) / sum(`grade`.`cou_grade`)),1) desc )  AS `ranking` from `grade` group by `grade`.`stu_id`,`grade`.`stu_day` */;

/*View structure for view stu_grade */

/*!50001 DROP TABLE IF EXISTS `stu_grade` */;
/*!50001 DROP VIEW IF EXISTS `stu_grade` */;

/*!50001 CREATE ALGORITHM=UNDEFINED DEFINER=`root`@`localhost` SQL SECURITY DEFINER VIEW `stu_grade` AS select `s`.`stu_id` AS `stu_id`,`s`.`room_id` AS `room_id`,(case when (`s`.`grade` >= `r`.`grade`) then `s`.`grade` else coalesce(`r`.`grade`,`s`.`grade`) end) AS `grade`,(case when (`s`.`point` >= `r`.`point`) then `s`.`point` else coalesce(`r`.`point`,`s`.`point`) end) AS `POINT` from (`st_grade_stu` `s` left join `st_re_grade_stu` `r` on(((`s`.`stu_id` = `r`.`stu_id`) and (`s`.`cou_id` = `r`.`cou_id`)))) */;

/*View structure for view stu_point */

/*!50001 DROP TABLE IF EXISTS `stu_point` */;
/*!50001 DROP VIEW IF EXISTS `stu_point` */;

/*!50001 CREATE ALGORITHM=UNDEFINED DEFINER=`root`@`localhost` SQL SECURITY DEFINER VIEW `stu_point` AS select `grade`.`stu_id` AS `stu_id`,`grade`.`stu_day` AS `stu_day`,`grade`.`username` AS `username`,`grade`.`major_name` AS `major_name`,`grade`.`real_name` AS `real_name`,`grade`.`stu_year` AS `stu_year`,round((sum((`grade`.`cou_grade` * `grade`.`point`)) / sum(`grade`.`cou_grade`)),1) AS `avg_gpa`,rank() OVER (PARTITION BY `grade`.`stu_year`,`grade`.`stu_day`,`grade`.`major_name` ORDER BY round((sum((`grade`.`cou_grade` * `grade`.`point`)) / sum(`grade`.`cou_grade`)),1) desc )  AS `ranking` from `grade` group by `grade`.`stu_id`,`grade`.`stu_day`,`grade`.`stu_year` */;

/*!40101 SET SQL_MODE=@OLD_SQL_MODE */;
/*!40014 SET FOREIGN_KEY_CHECKS=@OLD_FOREIGN_KEY_CHECKS */;
/*!40014 SET UNIQUE_CHECKS=@OLD_UNIQUE_CHECKS */;
/*!40111 SET SQL_NOTES=@OLD_SQL_NOTES */;
